record,x,y,text,w,h,fill,hatch,layer
label,43,91,B配置：无L2,,,,,
label,79,91,L2配置：有L2,,,,,
label,12,72,"冻结方案
$P_B$",,,,,
label,12,47,"另选方案
$P_L$",,,,,
region,27,61,"$T_B(P_B)$
共同分子",32,21,#E9F0F7,,2
label,43.0,71.5,"$T_B(P_B)$
共同分子",,,,,
region,63,61,"$T_L(P_B)$
同一方案",32,21,#E5F2EF,,2
label,79.0,71.5,"$T_L(P_B)$
同一方案",,,,,
region,27,36,未纳入本比较,32,21,#F3F4F5,,2
label,43.0,46.5,未纳入本比较,,,,,
region,63,36,"$T_L(P_L)$
方案可变化",32,21,#F8F0E2,,2
label,79.0,46.5,"$T_L(P_L)$
方案可变化",,,,,
label,26,23,配置效应：固定方案,,,,,
label,76,23,综合效应：允许另选,,,,,
label,26,14,$R_{hw}=T_B(P_B)/T_L(P_B)$,,,,,
label,76,14,$R_{select}=T_B(P_B)/T_L(P_L)$,,,,,
label,50,3,先逐图求比值，再对100图取算术均值；不能用两条均值曲线相除,,,,,
