record,id,label,x,y,width,height,color,border,source,target,both
node,in,"原始DAG
固定配置与核数",1.6,5,2.65,1.05,#F0F4F6,True,,,
node,gen,"依赖与张量索引
预定候选构造",5,5,2.65,1.05,#F0F4F6,True,,,
node,check,"覆盖与联合无环
去重及下界剪枝",8.4,5,2.65,1.05,#F0F4F6,True,,,
node,eval,"官方完整评价
记录失败与超时",8.4,3,2.65,1.05,#F0F4F6,True,,,
node,compare,"比较Makespan
相同时比较COPY",5,3,2.65,1.05,#F0F4F6,True,,,
node,keep,"保留成功当前解
只接受真实改进",1.6,3,2.65,1.05,#F0F4F6,True,,,
node,out,"输出切图与核序
记录版本与预算",1.6,1,2.65,1.05,#F0F4F6,True,,,
edge,,,,,,,,,in,gen,False
edge,,,,,,,,,gen,check,False
edge,,,,,,,,,check,eval,False
edge,,,,,,,,,eval,compare,False
edge,,,,,,,,,compare,keep,False
edge,,,,,,,,,keep,out,False
