scene,cores,case,lower_bound,gap_upper_bound_pct
A,2,case_001,116400,0.40206185567011055
A,2,case_002,120000,16.86333333333334
A,2,case_003,219396,79.50509580849241
A,2,case_004,192807,3.250400659727082
A,2,case_005,31941,153.58943051250745
A,2,case_006,34500,24.73333333333334
A,2,case_007,489510,3.673877959592242
A,2,case_008,125064,95.3127998464786
A,2,case_009,59996,53.67357823854923
A,2,case_010,27748,64.42986881937436
A,2,case_011,92224,0.45758154059680756
A,2,case_012,17786,69.20049477116834
A,2,case_013,131856,0.2593738623953401
A,2,case_014,8612874,1.706549985521666
A,2,case_015,50749,81.91688506177461
A,2,case_016,3857488,20.445740855188667
A,2,case_017,55300,51.99819168173598
A,2,case_018,485660,3.6550261499814773
A,2,case_019,24218,78.4788174085391
A,2,case_020,266304,0.10364095169430598
A,2,case_021,3096000,1.949354005167958
A,2,case_022,27044,6.792634225706262
A,2,case_023,34779,76.61232352856608
A,2,case_024,1277398,20.531580603695954
A,2,case_025,2351412,3.5136335104184235
A,2,case_026,35384,64.23242143341623
A,2,case_027,1114560,0.5743970714900959
A,2,case_028,19487304,5.41145660785094
A,2,case_029,18743,5.319319212506013
A,2,case_030,1388240,0.4288163429954528
A,2,case_031,667246,5.812998504299771
A,2,case_032,16998,27.6973761619014
A,2,case_033,864054,4.728060977670379
A,2,case_034,374580,10.893000160179401
A,2,case_035,71955,32.59120283510528
A,2,case_036,465600,0.10051546391751653
A,2,case_037,104800,0.5477099236641303
A,2,case_038,662500,2.870641509433969
A,2,case_039,688940,2.8479983743141535
A,2,case_040,92876,54.82901933761144
A,2,case_041,2947620,0.5934618437926087
A,2,case_042,799538,4.482213478283703
A,2,case_043,258876,37.36846984656748
A,2,case_044,37202,111.54507822160097
A,2,case_045,62738,0.5116516305907037
A,2,case_046,104624,51.8542590610185
A,2,case_047,129685,89.59787176620273
A,2,case_048,75960,122.95813586097948
A,2,case_049,82858,79.04245818146708
A,2,case_050,66706,62.085869337091125
A,2,case_051,303540,20.9435329775318
A,2,case_052,70764,28.97377197445028
A,2,case_053,606363,26.988289193107097
A,2,case_054,287108,79.52303662733186
A,2,case_055,34525,67.82331643736424
A,2,case_056,122977,73.51699911365539
A,2,case_057,23783,34.726485304629364
A,2,case_058,2179485,0.984177454765689
A,2,case_059,368896,0.11439538514921299
A,2,case_060,360116,27.388119383754116
A,2,case_061,35728,9.992163009404397
A,2,case_062,1309200,50.966315307057755
A,2,case_063,490800,13.767929910350452
A,2,case_064,7872,132.25355691056913
A,2,case_065,14759,82.7495087743072
A,2,case_066,134847,67.95034372288593
A,2,case_067,29457616,10.118693922821187
A,2,case_068,124551,109.02280993328036
A,2,case_069,8337,154.25212906321218
A,2,case_070,45916,26.827249760432093
A,2,case_071,6267,159.00749960108507
A,2,case_072,11464047,2.1785413126795383
A,2,case_073,4080336,30.010739311664537
A,2,case_074,789712,5.446795793909676
A,2,case_075,553760,52.440768563998844
A,2,case_076,3030822,0.522234562108892
A,2,case_077,207703,20.718044515486046
A,2,case_078,1018944,6.087478801582824
A,2,case_079,14712192,0.17945660306770694
A,2,case_080,144522,0.9714783908332247
A,2,case_081,75863,1.3142111437723258
A,2,case_082,283968,58.79289215686274
A,2,case_083,405418,32.621886546724625
A,2,case_084,633276,59.97069208370442
A,2,case_085,1282608,64.16504497087186
A,2,case_086,39591,151.75923821070447
A,2,case_087,1796640,16.50909475465312
A,2,case_088,86804,100.05299294963366
A,2,case_089,294560,17.74579033134167
A,2,case_090,420264,22.170350065673006
A,2,case_091,4490680,0.8602483365548252
A,2,case_092,1857076,34.539028020393346
A,2,case_093,36984,2.279364049318633
A,2,case_094,35472,39.25913396481733
A,2,case_095,534996,94.9341677320952
A,2,case_096,26565,77.25955204216073
A,2,case_097,5151744,0.194031380441273
A,2,case_098,81351,10.079777753192953
A,2,case_099,797742,1.6924018040920474
A,2,case_100,51004,62.28335032546466
A,3,case_001,77600,1.217783505154646
A,3,case_002,80000,22.52875000000001
A,3,case_003,146264,119.83194771098833
A,3,case_004,128538,4.282780189515933
A,3,case_005,21294,240.7203907203907
A,3,case_006,23000,34.42173913043478
A,3,case_007,326340,3.601765030336468
A,3,case_008,83376,95.93048359240069
A,3,case_009,39998,130.5065253262663
A,3,case_010,18499,66.79820530839504
A,3,case_011,61483,13.242684969829055
A,3,case_012,11858,84.63484567380671
A,3,case_013,87904,0.5085092828540194
A,3,case_014,5741916,2.1595927213146293
A,3,case_015,33833,80.79389944728518
A,3,case_016,2571659,47.52193039590398
A,3,case_017,36867,59.9235088290341
A,3,case_018,323774,4.961485480613015
A,3,case_019,16146,91.08138238573021
A,3,case_020,177536,0.23319214131218846
A,3,case_021,2064000,2.0485465116279133
A,3,case_022,18029,7.438016528925617
A,3,case_023,23186,79.93616837746916
A,3,case_024,851599,47.58319349834841
A,3,case_025,1567608,3.624503064541651
A,3,case_026,23590,74.97244595167444
A,3,case_027,743040,12.651943367786389
A,3,case_028,12991536,8.347581071245159
A,3,case_029,12495,1.9847939175670293
A,3,case_030,925494,0.6628892245654772
A,3,case_031,444831,9.075581512979092
A,3,case_032,11332,38.31627250264737
A,3,case_033,576036,5.4654570200473485
A,3,case_034,249720,15.160179400929042
A,3,case_035,47970,98.8868042526579
A,3,case_036,310400,0.3044458762886615
A,3,case_037,69867,5.969914265676213
A,3,case_038,441667,4.3813551838828735
A,3,case_039,459294,5.719865706932814
A,3,case_040,61917,77.82676809276936
A,3,case_041,1965080,0.5933091782522881
A,3,case_042,533026,7.301895217118859
A,3,case_043,172584,55.7369165160154
A,3,case_044,24802,217.30908797677606
A,3,case_045,41826,1.852914455123611
A,3,case_046,69750,103.83655913978495
A,3,case_047,86457,116.6082561273234
A,3,case_048,75960,90.91890468667721
A,3,case_049,55239,124.71080215065444
A,3,case_050,44471,91.87560432641497
A,3,case_051,202360,47.87754496936154
A,3,case_052,47176,38.22070544344582
A,3,case_053,404242,35.09382993355465
A,3,case_054,191406,104.74279803140969
A,3,case_055,23017,89.66416127210324
A,3,case_056,81985,120.35616271269136
A,3,case_057,15855,37.25638599810785
A,3,case_058,1452990,5.444703679997787
A,3,case_059,245931,3.5932842951884814
A,3,case_060,240078,28.362032339489662
A,3,case_061,23819,18.989042361140275
A,3,case_062,872800,82.57871219065078
A,3,case_063,327200,15.474938875305622
A,3,case_064,5248,227.17225609756096
A,3,case_065,9840,82.09349593495936
A,3,case_066,89898,106.19034906227056
A,3,case_067,19638411,14.795087036318776
A,3,case_068,83034,166.42580147891226
A,3,case_069,5558,254.44404462036704
A,3,case_070,30611,49.16206592401424
A,3,case_071,4178,256.3666826232647
A,3,case_072,7642698,2.975271298172455
A,3,case_073,2720224,62.746670862399554
A,3,case_074,526475,4.1544232869557
A,3,case_075,369174,73.25136656427593
A,3,case_076,2020548,0.6635823548859054
A,3,case_077,138469,29.082321674887513
A,3,case_078,679296,12.33527063312605
A,3,case_079,9808128,1.3442830273014295
A,3,case_080,96348,4.127745256777504
A,3,case_081,50575,2.7048937221947567
A,3,case_082,189312,87.96536933739011
A,3,case_083,270279,53.30861813163435
A,3,case_084,422184,80.64587952172513
A,3,case_085,855072,86.35588582014147
A,3,case_086,26394,249.77267560809273
A,3,case_087,1197760,23.8738144536468
A,3,case_088,57870,153.7031277000173
A,3,case_089,196374,24.056137777913577
A,3,case_090,280176,41.875107075552506
A,3,case_091,2993787,1.439347555454007
A,3,case_092,1238051,48.735391353021804
A,3,case_093,24656,1.8129461388708634
A,3,case_094,23648,68.67811231393775
A,3,case_095,356664,95.07856133503803
A,3,case_096,17710,74.09373235460193
A,3,case_097,3434496,4.15001211240309
A,3,case_098,54234,52.41361507541396
A,3,case_099,531828,2.364486262475829
A,3,case_100,34003,69.29682675058085
A,4,case_001,58200,1.3470790378006914
A,4,case_002,60000,28.108333333333334
A,4,case_003,109698,162.17250998195044
A,4,case_004,96404,8.074353761254716
A,4,case_005,15971,339.847223091854
A,4,case_006,17250,61.710144927536234
A,4,case_007,244755,3.939858225572501
A,4,case_008,62532,96.79524083669162
A,4,case_009,29998,171.78478565237683
A,4,case_010,13874,100.3748017875162
A,4,case_011,46112,1.6655100624566321
A,4,case_012,8893,100.75340155178232
A,4,case_013,65928,1.598713748331515
A,4,case_014,4306437,3.2821100134519554
A,4,case_015,25375,101.79310344827587
A,4,case_016,1928744,86.28521981144206
A,4,case_017,27650,76.66546112115734
A,4,case_018,242830,6.273112877321574
A,4,case_019,12234,96.98381559588034
A,4,case_020,133152,0.41456380677722393
A,4,case_021,1548000,0.15012919896639776
A,4,case_022,13522,8.275403046886565
A,4,case_023,17390,75.51466359976999
A,4,case_024,638699,86.2919779113479
A,4,case_025,1175706,3.7181063973476425
A,4,case_026,17692,132.98100836536287
A,4,case_027,557280,0.34381280505311196
A,4,case_028,9743652,7.366929771301356
A,4,case_029,9372,17.669654289372595
A,4,case_030,694120,0.6536333775139846
A,4,case_031,333623,17.66275106932076
A,4,case_032,8499,50.17060830685962
A,4,case_033,432027,6.847488698622994
A,4,case_034,187290,23.298093865128955
A,4,case_035,35978,151.58708099394076
A,4,case_036,232800,0.33676975945016174
A,4,case_037,52400,1.7557251908396854
A,4,case_038,331250,4.213132075471693
A,4,case_039,344470,14.05811826864458
A,4,case_040,46438,112.66850424221543
A,4,case_041,1473810,0.7186136611910587
A,4,case_042,399769,8.872373795867116
A,4,case_043,129438,102.15856240053154
A,4,case_044,18601,323.090156443202
A,4,case_045,31369,1.622621059007301
A,4,case_046,52312,138.2092063006576
A,4,case_047,64843,164.5775180050275
A,4,case_048,75960,91.27435492364401
A,4,case_049,41429,178.34125853870475
A,4,case_050,33353,124.5735016340359
A,4,case_051,151770,86.3247018514858
A,4,case_052,35382,41.668079814594996
A,4,case_053,303182,62.355284944356846
A,4,case_054,143554,130.59684857266257
A,4,case_055,17263,84.34223483751376
A,4,case_056,61489,170.70695571565645
A,4,case_057,11892,41.93575512949883
A,4,case_058,1089743,8.731600019454122
A,4,case_059,184448,0.4163775156141636
A,4,case_060,180058,29.106176898554903
A,4,case_061,17864,52.0935960591133
A,4,case_062,654600,16.856095325389543
A,4,case_063,245400,18.24246128769356
A,4,case_064,3936,314.4308943089431
A,4,case_065,7380,93.60433604336042
A,4,case_066,67424,148.85055766492644
A,4,case_067,14728808,12.337651492232094
A,4,case_068,62276,216.47986383197377
A,4,case_069,4169,352.5305828735908
A,4,case_070,22958,50.962627406568515
A,4,case_071,3134,360.56158264199104
A,4,case_072,5732024,3.723047914663291
A,4,case_073,2040168,78.71837025186161
A,4,case_074,394856,5.350811435054803
A,4,case_075,276880,99.48497544062408
A,4,case_076,1515411,0.7607177194833614
A,4,case_077,103852,39.36563571235989
A,4,case_078,509472,21.60432761761195
A,4,case_079,7356096,1.8915468204873997
A,4,case_080,72261,38.83699367570335
A,4,case_081,37932,4.365707054729517
A,4,case_082,141984,119.64939711516789
A,4,case_083,202709,92.40684922721734
A,4,case_084,316638,98.65840486612471
A,4,case_085,641304,101.3739193892444
A,4,case_086,19796,327.86926651848864
A,4,case_087,898320,34.03575563273667
A,4,case_088,43402,203.29247500115204
A,4,case_089,147280,20.966865833785974
A,4,case_090,210132,64.98105952448935
A,4,case_091,2245340,1.9139194954884253
A,4,case_092,928538,57.87194492847896
A,4,case_093,18492,6.9597663854639835
A,4,case_094,17736,54.83198015336039
A,4,case_095,267498,96.04707324914578
A,4,case_096,13283,103.11676579086048
A,4,case_097,2575872,1.981309630292194
A,4,case_098,40676,70.26747959484709
A,4,case_099,398871,1.700800509437883
A,4,case_100,25502,125.7313151909654
A,5,case_001,46560,2.0231958762886526
A,5,case_002,48000,21.20833333333334
A,5,case_003,87759,215.0753768844221
A,5,case_004,77123,14.545595996006377
A,5,case_005,12777,440.50246536745715
A,5,case_006,13800,100.57246376811592
A,5,case_007,195804,4.1010398153255245
A,5,case_008,50026,101.10142725782593
A,5,case_009,23999,206.5586066086087
A,5,case_010,11100,121.28828828828829
A,5,case_011,36890,27.08050962320412
A,5,case_012,7115,99.74701335207308
A,5,case_013,52743,3.0714976394971893
A,5,case_014,3445150,4.925387864098796
A,5,case_015,20300,111.60098522167488
A,5,case_016,1542995,114.28526988097825
A,5,case_017,22120,60.35262206148282
A,5,case_018,194264,4.309599308157974
A,5,case_019,12234,81.69037109694295
A,5,case_020,106522,1.058936182197101
A,5,case_021,1238400,0.9502583979328127
A,5,case_022,10818,9.197633573673514
A,5,case_023,13912,79.44939620471536
A,5,case_024,510959,114.4326648517787
A,5,case_025,940565,3.691079298081479
A,5,case_026,14154,191.21803023880176
A,5,case_027,445824,25.330399440137818
A,5,case_028,7794922,10.399180389489459
A,5,case_029,7497,25.156729358410026
A,5,case_030,555296,0.9937042586296352
A,5,case_031,266899,14.765135875368586
A,5,case_032,6799,53.18429180761876
A,5,case_033,345622,8.1059654767347
A,5,case_034,149832,23.230685033904642
A,5,case_035,28782,185.0809533736363
A,5,case_036,186240,0.5057989690721687
A,5,case_037,41920,4.484732824427473
A,5,case_038,265000,7.144150943396221
A,5,case_039,275576,43.44391383865067
A,5,case_040,37151,150.91922155527442
A,5,case_041,1179048,1.1430408261580594
A,5,case_042,319816,13.63659103984791
A,5,case_043,103551,124.32038319282287
A,5,case_044,14881,428.8555876621195
A,5,case_045,25096,4.255658272234619
A,5,case_046,41850,197.75866188769413
A,5,case_047,51874,204.6805721556078
A,5,case_048,75960,91.53501843075303
A,5,case_049,33143,226.75678122077062
A,5,case_050,26683,163.71847243563317
A,5,case_051,121416,115.13968504974632
A,5,case_052,28306,54.17579311806684
A,5,case_053,242546,103.13631228715377
A,5,case_054,114844,159.5198704329351
A,5,case_055,13810,94.06227371469949
A,5,case_056,49191,220.3146917118985
A,5,case_057,9513,47.745190791548396
A,5,case_058,871794,15.258765258765262
A,5,case_059,147559,2.1842110613381704
A,5,case_060,144047,28.660090109478165
A,5,case_061,14292,54.34508816120906
A,5,case_062,523680,18.2655438435686
A,5,case_063,196320,20.912286063569674
A,5,case_064,3528,350.65192743764175
A,5,case_065,5904,90.29471544715446
A,5,case_066,53939,196.3885129498137
A,5,case_067,11783047,18.48490462611241
A,5,case_068,49821,280.4439894823468
A,5,case_069,3335,470.6746626686657
A,5,case_070,18367,57.020743725159264
A,5,case_071,2507,467.2118069405665
A,5,case_072,4585619,4.2382282522817505
A,5,case_073,1632135,103.16113556782986
A,5,case_074,315885,9.365750193899668
A,5,case_075,221504,128.7082851776943
A,5,case_076,1212329,1.4905194876968286
A,5,case_077,83082,45.736742013913954
A,5,case_078,407578,31.61382606519487
A,5,case_079,5884877,1.9383752625585782
A,5,case_080,57809,73.54564168209103
A,5,case_081,30345,1.9706706211896519
A,5,case_082,113588,156.18727330351797
A,5,case_083,162168,128.54817226579846
A,5,case_084,253311,98.75646932032166
A,5,case_085,513044,137.174979144089
A,5,case_086,15837,426.23602955105133
A,5,case_087,718656,44.509890684833906
A,5,case_088,34722,265.97258222452626
A,5,case_089,117824,25.129005975013573
A,5,case_090,168106,106.22583370016537
A,5,case_091,1796272,3.403994495265761
A,5,case_092,742831,86.41279106553172
A,5,case_093,14794,7.3137758550763765
A,5,case_094,14189,66.07230953555572
A,5,case_095,213999,96.66073205949561
A,5,case_096,10626,153.43497082627516
A,5,case_097,2060698,2.021159820604468
A,5,case_098,32541,97.18201653298915
A,5,case_099,319097,5.452573982206044
A,5,case_100,20402,151.38221742966377
B,1,case_001,232800,0.13316151202749094
B,1,case_002,240000,9.143750000000006
B,1,case_003,438792,24.924565625626727
B,1,case_004,385614,1.7486398315413876
B,1,case_005,63882,30.432672740365053
B,1,case_006,69000,10.685507246376801
B,1,case_007,979020,3.426079140364857
B,1,case_008,250128,94.94218959892535
B,1,case_009,119992,22.559003933595577
B,1,case_010,55496,55.068833789822676
B,1,case_011,184448,0.13499739764053498
B,1,case_012,35572,44.86674912852806
B,1,case_013,263712,0.08987076811066697
B,1,case_014,17225748,2.7451812252216934
B,1,case_015,101497,55.976038700651245
B,1,case_016,7714975,0.007103069031333398
B,1,case_017,110600,40.31555153707052
B,1,case_018,971320,3.402277313346791
B,1,case_019,48436,52.832603848377246
B,1,case_020,532608,0.025910237923576496
B,1,case_021,6192000,6.071333979328175
B,1,case_022,54087,4.923549096825486
B,1,case_023,69558,57.41539434716352
B,1,case_024,2554795,0.021449861926292613
B,1,case_025,4702824,3.4065063885018843
B,1,case_026,70768,27.508195794709465
B,1,case_027,2229120,6.048664944013771
B,1,case_028,38974608,6.675512939091011
B,1,case_029,37485,0.18674136321195078
B,1,case_030,2776480,1.1364749611018299
B,1,case_031,1334492,5.8674012283325805
B,1,case_032,33995,1.5561111928224847
B,1,case_033,1728108,2.6669629444455945
B,1,case_034,749160,10.2426717924075
B,1,case_035,143909,13.175687413573867
B,1,case_036,931200,0.033290378006878285
B,1,case_037,209600,0.19131679389312595
B,1,case_038,1325000,2.9852830188679347
B,1,case_039,1377880,4.164513600603836
B,1,case_040,185751,27.122330431599284
B,1,case_041,5895240,1.8441488387241245
B,1,case_042,1599076,5.482165950836615
B,1,case_043,517752,24.39507717980809
B,1,case_044,74404,5.2013332616525965
B,1,case_045,125476,0.10998119162231035
B,1,case_046,209248,3.573749808839266
B,1,case_047,259370,12.302887766511162
B,1,case_048,139536,42.16331269349845
B,1,case_049,165715,9.634613643906697
B,1,case_050,133411,6.775303385777787
B,1,case_051,607080,0.09026816893984435
B,1,case_052,141528,23.846871290486682
B,1,case_053,1212726,10.647087635624208
B,1,case_054,574216,41.94153419619098
B,1,case_055,69049,54.40629118452114
B,1,case_056,245953,5.179444853284987
B,1,case_057,47565,24.158519920109335
B,1,case_058,4358970,4.146552970082373
B,1,case_059,737792,0.033749349410139295
B,1,case_060,720232,22.55634295615858
B,1,case_061,71456,8.025918047469771
B,1,case_062,2618400,9.028758020164984
B,1,case_063,981600,9.04614914425428
B,1,case_064,15744,9.146341463414643
B,1,case_065,29518,49.59008062876889
B,1,case_066,269694,17.957388744280543
B,1,case_067,58915232,8.350305740966956
B,1,case_068,249101,31.753786616673562
B,1,case_069,16674,29.525008996041734
B,1,case_070,91832,20.708467636553696
B,1,case_071,12534,26.248603797670334
B,1,case_072,22928094,4.229457537988113
B,1,case_073,8160672,20.568048807745253
B,1,case_074,1579424,4.591483984034683
B,1,case_075,1107520,20.53028387749205
B,1,case_076,6061644,2.036889662276442
B,1,case_077,415406,19.237565177200146
B,1,case_078,2037888,2.832981989196659
B,1,case_079,29424384,5.532374101697424
B,1,case_080,289044,1.0704252639736511
B,1,case_081,151725,0.046136101499416604
B,1,case_082,567936,26.561795695289604
B,1,case_083,810836,5.027527144823374
B,1,case_084,1266552,73.01516242523007
B,1,case_085,2565216,24.27409621645897
B,1,case_086,79182,33.309337980854224
B,1,case_087,3593280,10.59730942203223
B,1,case_088,173608,26.487834661997134
B,1,case_089,589120,11.887561108093436
B,1,case_090,840528,5.008994346410822
B,1,case_091,8981360,2.2870589754780957
B,1,case_092,3714152,17.750081310619482
B,1,case_093,73968,0.3204088254380233
B,1,case_094,70944,19.635205232295895
B,1,case_095,1069992,94.84753157032951
B,1,case_096,53130,41.90287972896669
B,1,case_097,10303488,11.530279843097802
B,1,case_098,162701,8.278990295081169
B,1,case_099,1595484,1.7245550566473922
B,1,case_100,102007,38.67969845206702
B,2,case_001,116400,0.40206185567011055
B,2,case_002,120000,14.240833333333324
B,2,case_003,219396,43.81119072362303
B,2,case_004,192807,3.250400659727082
B,2,case_005,31941,90.61081368773675
B,2,case_006,34500,14.107246376811599
B,2,case_007,489510,3.673877959592242
B,2,case_008,125064,95.3127998464786
B,2,case_009,59996,40.736049069938
B,2,case_010,27748,54.41112872999856
B,2,case_011,92224,0.45758154059680756
B,2,case_012,17786,67.15394130214776
B,2,case_013,131856,0.2593738623953401
B,2,case_014,8612874,2.918746982714482
B,2,case_015,50749,76.02514335257837
B,2,case_016,3857488,4.382670795087362
B,2,case_017,55300,56.119349005424944
B,2,case_018,485660,2.6889181732075995
B,2,case_019,24218,66.78503592369312
B,2,case_020,266304,0.10364095169430598
B,2,case_021,3096000,3.183785529715766
B,2,case_022,27044,6.681703889957102
B,2,case_023,34779,67.38836654302884
B,2,case_024,1277398,4.491239222231447
B,2,case_025,2351412,3.4204129263608385
B,2,case_026,35384,50.373049966086356
B,2,case_027,1114560,0.34022394487511765
B,2,case_028,19487304,5.7902827399829215
B,2,case_029,18743,5.319319212506013
B,2,case_030,1388240,1.1060047254077165
B,2,case_031,667246,9.735389946136808
B,2,case_032,16998,3.270973055653603
B,2,case_033,864054,3.7754584782895506
B,2,case_034,374580,17.576485663943608
B,2,case_035,71955,32.59120283510528
B,2,case_036,465600,0.10051546391751653
B,2,case_037,104800,0.5477099236641303
B,2,case_038,662500,2.870641509433969
B,2,case_039,688940,2.8479983743141535
B,2,case_040,92876,50.894741375597576
B,2,case_041,2947620,1.521905808754176
B,2,case_042,799538,5.17523870034946
B,2,case_043,258876,35.53515969035368
B,2,case_044,37202,21.627869469383377
B,2,case_045,62738,0.5116516305907037
B,2,case_046,104624,4.889891420706527
B,2,case_047,129685,28.30628060299958
B,2,case_048,75960,65.30805687203791
B,2,case_049,82858,28.0588476670931
B,2,case_050,66706,17.421221479327187
B,2,case_051,303540,4.985833827502151
B,2,case_052,70764,22.722005539539868
B,2,case_053,606363,20.097862171669444
B,2,case_054,287108,52.77108265879043
B,2,case_055,34525,63.88703837798697
B,2,case_056,122977,20.09400131731951
B,2,case_057,23783,26.24563764033132
B,2,case_058,2179485,3.7440037440037433
B,2,case_059,368896,0.11439538514921299
B,2,case_060,360116,31.64452565284519
B,2,case_061,35728,9.992163009404397
B,2,case_062,1309200,20.121830125267337
B,2,case_063,490800,17.196821515892413
B,2,case_064,7872,70.4395325203252
B,2,case_065,14759,49.203875601327994
B,2,case_066,134847,41.24303840649033
B,2,case_067,29457616,6.654934330055773
B,2,case_068,124551,61.154065402927316
B,2,case_069,8337,93.51085522370157
B,2,case_070,45916,26.827249760432093
B,2,case_071,6267,104.65932663156217
B,2,case_072,11464047,3.244718030203475
B,2,case_073,4080336,36.93806098321315
B,2,case_074,789712,1.7678596754259868
B,2,case_075,553760,31.49830251372436
B,2,case_076,3030822,1.1347416641426022
B,2,case_077,207703,20.718044515486046
B,2,case_078,1018944,3.1827068023365435
B,2,case_079,14712192,4.991057756723127
B,2,case_080,144522,0.9714783908332247
B,2,case_081,75863,1.3142111437723258
B,2,case_082,283968,36.458685485688534
B,2,case_083,405418,6.881046228830501
B,2,case_084,633276,84.5879205907061
B,2,case_085,1282608,41.1790664022055
B,2,case_086,39591,70.54633628855042
B,2,case_087,1796640,10.629063140083716
B,2,case_088,86804,54.676051794848156
B,2,case_089,294560,11.837995654535582
B,2,case_090,420264,8.132031294614816
B,2,case_091,4490680,1.8054949361789197
B,2,case_092,1857076,16.45996178939364
B,2,case_093,36984,2.279364049318633
B,2,case_094,35472,36.53022101939558
B,2,case_095,534996,94.9341677320952
B,2,case_096,26565,57.48917748917748
B,2,case_097,5151744,9.0427241726297
B,2,case_098,81351,10.079777753192953
B,2,case_099,797742,1.6924018040920474
B,2,case_100,51004,45.47878597757038
B,3,case_001,77600,1.217783505154646
B,3,case_002,80000,17.686249999999994
B,3,case_003,146264,75.91615161625553
B,3,case_004,128538,4.282780189515933
B,3,case_005,21294,147.27622804545882
B,3,case_006,23000,29.48695652173914
B,3,case_007,326340,3.601765030336468
B,3,case_008,83376,95.93048359240069
B,3,case_009,39998,59.37546877343867
B,3,case_010,18499,66.79820530839504
B,3,case_011,61483,13.242684969829055
B,3,case_012,11858,52.75763197841119
B,3,case_013,87904,0.5085092828540194
B,3,case_014,5741916,3.1862360926213418
B,3,case_015,33833,74.10811929181568
B,3,case_016,2571659,11.862420328667223
B,3,case_017,36867,42.37393875281417
B,3,case_018,323774,3.4005201158832987
B,3,case_019,16146,74.62529419051158
B,3,case_020,177536,0.23319214131218846
B,3,case_021,2064000,2.0759689922480673
B,3,case_022,18029,7.438016528925617
B,3,case_023,23186,79.93616837746916
B,3,case_024,851599,11.955039872052463
B,3,case_025,1567608,3.4802067863904718
B,3,case_026,23590,74.3620178041543
B,3,case_027,743040,2.993109388458226
B,3,case_028,12991536,6.595478779414532
B,3,case_029,12495,1.9847939175670293
B,3,case_030,925494,0.9036255232340862
B,3,case_031,444831,8.708026194217577
B,3,case_032,11332,4.200494175785385
B,3,case_033,576036,4.578186085591862
B,3,case_034,249720,12.39828608041007
B,3,case_035,47970,50.01250781738587
B,3,case_036,310400,0.3044458762886615
B,3,case_037,69867,5.969914265676213
B,3,case_038,441667,4.044449777773762
B,3,case_039,459294,5.3368866129320125
B,3,case_040,61917,71.0725648852496
B,3,case_041,1965080,1.3695116738249746
B,3,case_042,533026,7.301895217118859
B,3,case_043,172584,55.23976730171973
B,3,case_044,24802,82.43690024997986
B,3,case_045,41826,1.852914455123611
B,3,case_046,69750,18.74695340501793
B,3,case_047,86457,58.26017557861134
B,3,case_048,75960,31.431016324381254
B,3,case_049,55239,52.47379568782926
B,3,case_050,44471,51.375053405590165
B,3,case_051,202360,12.39968373196283
B,3,case_052,47176,32.07775139901645
B,3,case_053,404242,23.054259577183966
B,3,case_054,191406,65.35061596815146
B,3,case_055,23017,74.05830473128556
B,3,case_056,81985,42.98347258644875
B,3,case_057,15855,46.91895301166824
B,3,case_058,1452990,7.009064067887594
B,3,case_059,245931,3.310684704246314
B,3,case_060,240078,34.890743841584815
B,3,case_061,23819,18.989042361140275
B,3,case_062,872800,24.197066911090737
B,3,case_063,327200,21.239303178484104
B,3,case_064,5248,168.76905487804876
B,3,case_065,9840,72.38821138211382
B,3,case_066,89898,54.72869251818728
B,3,case_067,19638411,7.109149513165813
B,3,case_068,83034,102.22559433485077
B,3,case_069,5558,168.44188557034903
B,3,case_070,30611,41.90650419783737
B,3,case_071,4178,158.06606031594063
B,3,case_072,7642698,4.170726096988253
B,3,case_073,2720224,58.09709053372076
B,3,case_074,526475,2.161926017379745
B,3,case_075,369174,42.594278036914844
B,3,case_076,2020548,1.4590101299251534
B,3,case_077,138469,29.082321674887513
B,3,case_078,679296,6.105438571697763
B,3,case_079,9808128,3.391340325085479
B,3,case_080,96348,4.127745256777504
B,3,case_081,50575,2.7048937221947567
B,3,case_082,189312,39.38947346179851
B,3,case_083,270279,10.257548681177608
B,3,case_084,422184,98.07003581376841
B,3,case_085,855072,43.702284719883245
B,3,case_086,26394,128.56709858301127
B,3,case_087,1197760,14.531709190488918
B,3,case_088,57870,103.03784344219804
B,3,case_089,196374,16.765966981372273
B,3,case_090,280176,20.565287533550336
B,3,case_091,2993787,1.9963344085601298
B,3,case_092,1238051,14.598590849649984
B,3,case_093,24656,1.8129461388708634
B,3,case_094,23648,48.105548037889044
B,3,case_095,356664,95.07856133503803
B,3,case_096,17710,72.84584980237155
B,3,case_097,3434496,6.579218610241511
B,3,case_098,54234,21.16937714348932
B,3,case_099,531828,2.364486262475829
B,3,case_100,34003,59.90059700614652
B,4,case_001,58200,1.3470790378006914
B,4,case_002,60000,21.866666666666656
B,4,case_003,109698,113.36396287990667
B,4,case_004,96404,8.074353761254716
B,4,case_005,15971,229.69131550936072
B,4,case_006,17250,52.179710144927526
B,4,case_007,244755,3.939858225572501
B,4,case_008,62532,96.79524083669162
B,4,case_009,29998,85.22234815654377
B,4,case_010,13874,88.46042958051031
B,4,case_011,46112,1.6655100624566321
B,4,case_012,8893,67.39008208703474
B,4,case_013,65928,1.598713748331515
B,4,case_014,4306437,2.830135446077575
B,4,case_015,25375,102.96748768472908
B,4,case_016,1928744,16.08378302148963
B,4,case_017,27650,55.24050632911393
B,4,case_018,242830,5.36301116007083
B,4,case_019,12234,77.73418342324669
B,4,case_020,133152,0.41456380677722393
B,4,case_021,1548000,0.15012919896639776
B,4,case_022,13522,7.779914213873695
B,4,case_023,17390,75.51466359976999
B,4,case_024,638699,16.334454884069018
B,4,case_025,1175706,3.5500371691562282
B,4,case_026,17692,100.76870902102644
B,4,case_027,557280,0.34381280505311196
B,4,case_028,9743652,5.1977123156697225
B,4,case_029,9372,17.669654289372595
B,4,case_030,694120,0.8963867919091761
B,4,case_031,333623,18.237052001810426
B,4,case_032,8499,31.35663019178727
B,4,case_033,432027,5.919768903332434
B,4,case_034,187290,34.83795183939344
B,4,case_035,35978,58.25226527322251
B,4,case_036,232800,0.33676975945016174
B,4,case_037,52400,1.7557251908396854
B,4,case_038,331250,4.120150943396217
B,4,case_039,344470,10.635468981333652
B,4,case_040,46438,106.62388561092212
B,4,case_041,1473810,1.1394277417034804
B,4,case_042,399769,9.050226505807114
B,4,case_043,129438,85.8781810596579
B,4,case_044,18601,143.25573893876674
B,4,case_045,31369,1.622621059007301
B,4,case_046,52312,52.77183055513075
B,4,case_047,64843,94.25227086963896
B,4,case_048,75960,28.769088994207472
B,4,case_049,41429,70.19479108836806
B,4,case_050,33353,79.56705543729198
B,4,case_051,151770,17.537062660604864
B,4,case_052,35382,28.596461477587475
B,4,case_053,303182,40.31307927251617
B,4,case_054,143554,82.88727586831438
B,4,case_055,17263,84.34223483751376
B,4,case_056,61489,70.11985883653986
B,4,case_057,11892,76.22771611167171
B,4,case_058,1089743,4.759379046252188
B,4,case_059,184448,0.4163775156141636
B,4,case_060,180058,33.35314176543114
B,4,case_061,17864,49.33945364979848
B,4,case_062,654600,28.14757103574703
B,4,case_063,245400,27.618581907090455
B,4,case_064,3936,169.66463414634148
B,4,case_065,7380,59.47154471544715
B,4,case_066,67424,83.4969743711438
B,4,case_067,14728808,9.666810783330181
B,4,case_068,62276,136.65938724388207
B,4,case_069,4169,247.39745742384264
B,4,case_070,22958,50.962627406568515
B,4,case_071,3134,229.64262922782387
B,4,case_072,5732024,3.1358556768080526
B,4,case_073,2040168,22.9197791554421
B,4,case_074,394856,2.8473671414388946
B,4,case_075,276880,53.679572377925446
B,4,case_076,1515411,1.635859842643339
B,4,case_077,103852,39.36563571235989
B,4,case_078,509472,11.532724075120914
B,4,case_079,7356096,3.799950408477537
B,4,case_080,72261,38.83699367570335
B,4,case_081,37932,4.365707054729517
B,4,case_082,141984,53.0137198557584
B,4,case_083,202709,8.206345056213582
B,4,case_084,316638,98.65840486612471
B,4,case_085,641304,46.26760475531106
B,4,case_086,19796,180.64760557688425
B,4,case_087,898320,19.036089589455862
B,4,case_088,43402,127.03792451960739
B,4,case_089,147280,12.449755567626287
B,4,case_090,210132,40.46599280452288
B,4,case_091,2245340,2.020094952212137
B,4,case_092,928538,11.31574582838828
B,4,case_093,18492,6.9597663854639835
B,4,case_094,17736,53.25890843482184
B,4,case_095,267498,96.04707324914578
B,4,case_096,13283,103.14687946999923
B,4,case_097,2575872,1.981309630292194
B,4,case_098,40676,28.296784344576654
B,4,case_099,398871,1.700800509437883
B,4,case_100,25502,97.33354246725747
B,5,case_001,46560,2.0231958762886526
B,5,case_002,48000,24.11458333333334
B,5,case_003,87759,165.03036725578002
B,5,case_004,77123,14.545595996006377
B,5,case_005,12777,312.10769351177896
B,5,case_006,13800,78.39130434782608
B,5,case_007,195804,4.1010398153255245
B,5,case_008,50026,101.10142725782593
B,5,case_009,23999,117.97158214925622
B,5,case_010,11100,135.55855855855853
B,5,case_011,36890,27.08050962320412
B,5,case_012,7115,78.66479269149684
B,5,case_013,52743,3.0714976394971893
B,5,case_014,3445150,4.651089212371007
B,5,case_015,20300,96.24137931034483
B,5,case_016,1542995,35.277366420500385
B,5,case_017,22120,37.8616636528029
B,5,case_018,194264,4.3826957130502775
B,5,case_019,12234,52.36226908615333
B,5,case_020,106522,1.058936182197101
B,5,case_021,1238400,0.9502583979328127
B,5,case_022,10818,9.197633573673514
B,5,case_023,13912,78.21305347901092
B,5,case_024,510959,35.86354286743163
B,5,case_025,940565,3.691079298081479
B,5,case_026,14154,136.80938250671187
B,5,case_027,445824,25.330399440137818
B,5,case_028,7794922,5.350188237932341
B,5,case_029,7497,25.156729358410026
B,5,case_030,555296,1.0455684895983364
B,5,case_031,266899,14.765135875368586
B,5,case_032,6799,53.18429180761876
B,5,case_033,345622,6.8951050569697525
B,5,case_034,149832,15.48400875647391
B,5,case_035,28782,102.7273990688625
B,5,case_036,186240,0.5057989690721687
B,5,case_037,41920,4.484732824427473
B,5,case_038,265000,6.863396226415097
B,5,case_039,275576,38.29433622666705
B,5,case_040,37151,141.56819466501577
B,5,case_041,1179048,1.469914710851472
B,5,case_042,319816,15.622733071516116
B,5,case_043,103551,132.34638004461567
B,5,case_044,14881,204.06558699012166
B,5,case_045,25096,4.255658272234619
B,5,case_046,41850,90.96296296296296
B,5,case_047,51874,130.11913482669547
B,5,case_048,75960,29.768299104791996
B,5,case_049,33143,94.02287059107503
B,5,case_050,26683,120.7285537608215
B,5,case_051,121416,38.6752981485142
B,5,case_052,28306,48.35723874796862
B,5,case_053,242546,54.64942732512596
B,5,case_054,114844,109.54250983943435
B,5,case_055,13810,89.59449674149167
B,5,case_056,49191,97.4263584802098
B,5,case_057,9513,73.84631556816987
B,5,case_058,871794,15.258765258765262
B,5,case_059,147559,2.1842110613381704
B,5,case_060,144047,28.660090109478165
B,5,case_061,14292,55.91239854464036
B,5,case_062,523680,34.34578368469295
B,5,case_063,196320,30.32497962510188
B,5,case_064,3528,136.19614512471654
B,5,case_065,5904,61.890243902439025
B,5,case_066,53939,120.88099519827952
B,5,case_067,11783047,10.787634132325884
B,5,case_068,49821,184.77750346239537
B,5,case_069,3335,310.73463268365816
B,5,case_070,18367,40.687101867479726
B,5,case_071,2507,316.51376146788994
B,5,case_072,4585619,5.353344881029143
B,5,case_073,1632135,24.682271993431915
B,5,case_074,315885,4.52633078493756
B,5,case_075,221504,69.28227029760185
B,5,case_076,1212329,2.28337357268531
B,5,case_077,83082,45.736742013913954
B,5,case_078,407578,18.141067476654783
B,5,case_079,5884877,2.7322576155797362
B,5,case_080,57809,73.54564168209103
B,5,case_081,30345,1.9706706211896519
B,5,case_082,113588,72.15110751135683
B,5,case_083,162168,18.31372403926792
B,5,case_084,253311,98.75646932032166
B,5,case_085,513044,60.28508276093278
B,5,case_086,15837,250.80507671907557
B,5,case_087,718656,23.17729205628285
B,5,case_088,34722,183.7941362824722
B,5,case_089,117824,13.16709668658338
B,5,case_090,168106,63.3790584512153
B,5,case_091,1796272,2.8901524936089773
B,5,case_092,742831,9.661147690389882
B,5,case_093,14794,7.3137758550763765
B,5,case_094,14189,43.04743110860525
B,5,case_095,213999,96.66073205949561
B,5,case_096,10626,136.99416525503483
B,5,case_097,2060698,2.021159820604468
B,5,case_098,32541,56.245966626717056
B,5,case_099,319097,1.637119747286886
B,5,case_100,20402,131.00676404274088
L2,1,case_001,232800,0.13316151202749094
L2,1,case_002,240000,9.143750000000006
L2,1,case_003,438792,24.924565625626727
L2,1,case_004,385614,1.7486398315413876
L2,1,case_005,63882,30.432672740365053
L2,1,case_006,69000,10.685507246376801
L2,1,case_007,979020,3.426079140364857
L2,1,case_008,250128,94.94218959892535
L2,1,case_009,119992,22.243982932195472
L2,1,case_010,55496,55.068833789822676
L2,1,case_011,184448,0.13499739764053498
L2,1,case_012,35572,44.86674912852806
L2,1,case_013,263712,0.08987076811066697
L2,1,case_014,17225748,2.6927945306061574
L2,1,case_015,101497,54.4705754849897
L2,1,case_016,7714975,0.007103069031333398
L2,1,case_017,110600,40.31555153707052
L2,1,case_018,971320,3.2728657908825065
L2,1,case_019,48436,52.832603848377246
L2,1,case_020,532608,0.025910237923576496
L2,1,case_021,6192000,5.9243701550387495
L2,1,case_022,54087,4.923549096825486
L2,1,case_023,69558,56.74976278788924
L2,1,case_024,2554795,0.021449861926292613
L2,1,case_025,4702824,3.4065063885018843
L2,1,case_026,70768,27.508195794709465
L2,1,case_027,2229120,5.849617786391037
L2,1,case_028,38974608,6.621659927920254
L2,1,case_029,37485,0.18674136321195078
L2,1,case_030,2776480,1.131324554832025
L2,1,case_031,1334492,5.841099084895229
L2,1,case_032,33995,1.5561111928224847
L2,1,case_033,1728108,2.660250401016606
L2,1,case_034,749160,10.2426717924075
L2,1,case_035,143909,13.175687413573867
L2,1,case_036,931200,0.033290378006878285
L2,1,case_037,209600,0.19131679389312595
L2,1,case_038,1325000,2.8914716981132127
L2,1,case_039,1377880,4.164513600603836
L2,1,case_040,185751,27.122330431599284
L2,1,case_041,5895240,1.8037433590490037
L2,1,case_042,1599076,4.787577325905712
L2,1,case_043,517752,24.183779106599303
L2,1,case_044,74404,5.2013332616525965
L2,1,case_045,125476,0.10998119162231035
L2,1,case_046,209248,3.573749808839266
L2,1,case_047,259370,12.302887766511162
L2,1,case_048,139536,42.16331269349845
L2,1,case_049,165715,9.634613643906697
L2,1,case_050,133411,6.206384780865148
L2,1,case_051,607080,0.09026816893984435
L2,1,case_052,141528,23.846871290486682
L2,1,case_053,1212726,10.647087635624208
L2,1,case_054,574216,41.94153419619098
L2,1,case_055,69049,52.807426610088484
L2,1,case_056,245953,5.179444853284987
L2,1,case_057,47565,24.158519920109335
L2,1,case_058,4358970,4.146552970082373
L2,1,case_059,737792,0.033749349410139295
L2,1,case_060,720232,22.53468326872452
L2,1,case_061,71456,8.025918047469771
L2,1,case_062,2618400,9.028758020164984
L2,1,case_063,981600,9.04614914425428
L2,1,case_064,15744,9.146341463414643
L2,1,case_065,29518,49.59008062876889
L2,1,case_066,269694,17.957388744280543
L2,1,case_067,58915232,5.025007794249192
L2,1,case_068,249101,31.612478472587433
L2,1,case_069,16674,29.525008996041734
L2,1,case_070,91832,20.708467636553696
L2,1,case_071,12534,26.248603797670334
L2,1,case_072,22928094,4.198613282028596
L2,1,case_073,8160672,6.6414506060285206
L2,1,case_074,1579424,4.299732054217231
L2,1,case_075,1107520,20.53028387749205
L2,1,case_076,6061644,2.003647855268298
L2,1,case_077,415406,19.237565177200146
L2,1,case_078,2037888,2.832981989196659
L2,1,case_079,29424384,5.532374101697424
L2,1,case_080,289044,0.9624832205477274
L2,1,case_081,151725,0.046136101499416604
L2,1,case_082,567936,26.399629535722326
L2,1,case_083,810836,5.027527144823374
L2,1,case_084,1266552,73.01516242523007
L2,1,case_085,2565216,24.27409621645897
L2,1,case_086,79182,33.309337980854224
L2,1,case_087,3593280,10.477864235461753
L2,1,case_088,173608,26.456730104603476
L2,1,case_089,589120,11.887561108093436
L2,1,case_090,840528,5.008994346410822
L2,1,case_091,8981360,2.087211736307193
L2,1,case_092,3714152,16.678881208954287
L2,1,case_093,73968,0.3204088254380233
L2,1,case_094,70944,19.635205232295895
L2,1,case_095,1069992,94.84753157032951
L2,1,case_096,53130,41.90287972896669
L2,1,case_097,10303488,11.530279843097802
L2,1,case_098,162701,7.824168259568154
L2,1,case_099,1595484,1.467767774543649
L2,1,case_100,102007,38.67969845206702
L2,2,case_001,116400,0.40206185567011055
L2,2,case_002,120000,14.240833333333324
L2,2,case_003,219396,43.28565698554212
L2,2,case_004,192807,3.250400659727082
L2,2,case_005,31941,89.02038132807364
L2,2,case_006,34500,13.988405797101455
L2,2,case_007,489510,3.673877959592242
L2,2,case_008,125064,95.3127998464786
L2,2,case_009,59996,40.71438095873059
L2,2,case_010,27748,53.960645812310794
L2,2,case_011,92224,0.45758154059680756
L2,2,case_012,17786,66.92342291690095
L2,2,case_013,131856,0.2593738623953401
L2,2,case_014,8612874,2.8444512249917953
L2,2,case_015,50749,73.32361228792685
L2,2,case_016,3857488,4.361102354693003
L2,2,case_017,55300,55.56600361663653
L2,2,case_018,485660,2.6672981097887405
L2,2,case_019,24218,66.78503592369312
L2,2,case_020,266304,0.10364095169430598
L2,2,case_021,3096000,3.1535529715762234
L2,2,case_022,27044,6.681703889957102
L2,2,case_023,34779,64.63958135656573
L2,2,case_024,1277398,4.426106820270581
L2,2,case_025,2351412,3.4204129263608385
L2,2,case_026,35384,44.59925390006782
L2,2,case_027,1114560,0.34022394487511765
L2,2,case_028,19487304,5.718169121803607
L2,2,case_029,18743,5.319319212506013
L2,2,case_030,1388240,1.0955598455598459
L2,2,case_031,667246,9.735389946136808
L2,2,case_032,16998,3.270973055653603
L2,2,case_033,864054,3.740275492041012
L2,2,case_034,374580,17.555662341822842
L2,2,case_035,71955,32.470293933708575
L2,2,case_036,465600,0.10051546391751653
L2,2,case_037,104800,0.5477099236641303
L2,2,case_038,662500,2.8390943396226387
L2,2,case_039,688940,2.42038493918193
L2,2,case_040,92876,50.733235712132306
L2,2,case_041,2947620,1.3407087752152602
L2,2,case_042,799538,5.092941173527721
L2,2,case_043,258876,34.79078786755048
L2,2,case_044,37202,21.617117359281757
L2,2,case_045,62738,0.5116516305907037
L2,2,case_046,104624,4.889891420706527
L2,2,case_047,129685,28.269267841307787
L2,2,case_048,75960,65.30805687203791
L2,2,case_049,82858,28.06005455115981
L2,2,case_050,66706,15.229514586394032
L2,2,case_051,303540,4.738090531725647
L2,2,case_052,70764,22.524164829574357
L2,2,case_053,606363,20.118147050529146
L2,2,case_054,287108,52.648480711091295
L2,2,case_055,34525,61.49167270094136
L2,2,case_056,122977,20.084243395106395
L2,2,case_057,23783,26.085859647647467
L2,2,case_058,2179485,3.7258343140696093
L2,2,case_059,368896,0.11439538514921299
L2,2,case_060,360116,31.262426551444534
L2,2,case_061,35728,9.919390953873709
L2,2,case_062,1309200,20.121830125267337
L2,2,case_063,490800,17.196821515892413
L2,2,case_064,7872,70.4395325203252
L2,2,case_065,14759,49.203875601327994
L2,2,case_066,134847,40.71429101129429
L2,2,case_067,29457616,3.4813000481777046
L2,2,case_068,124551,59.26006214321844
L2,2,case_069,8337,93.04306105313663
L2,2,case_070,45916,26.827249760432093
L2,2,case_071,6267,104.45189085686933
L2,2,case_072,11464047,3.1628970118493083
L2,2,case_073,4080336,4.6568223793334695
L2,2,case_074,789712,1.6908695828352638
L2,2,case_075,553760,31.43311181739381
L2,2,case_076,3030822,1.0895064111320352
L2,2,case_077,207703,20.718044515486046
L2,2,case_078,1018944,3.1827068023365435
L2,2,case_079,14712192,4.991057756723127
L2,2,case_080,144522,0.7971104745298385
L2,2,case_081,75863,1.3142111437723258
L2,2,case_082,283968,36.458685485688534
L2,2,case_083,405418,6.862546803545966
L2,2,case_084,633276,84.5879205907061
L2,2,case_085,1282608,41.178988436061516
L2,2,case_086,39591,70.54381046197369
L2,2,case_087,1796640,10.436704069819225
L2,2,case_088,86804,53.87885350905488
L2,2,case_089,294560,11.837995654535582
L2,2,case_090,420264,8.605781128052836
L2,2,case_091,4490680,1.752852574665753
L2,2,case_092,1857076,16.392113192998025
L2,2,case_093,36984,2.279364049318633
L2,2,case_094,35472,36.53022101939558
L2,2,case_095,534996,94.9341677320952
L2,2,case_096,26565,54.304536043666474
L2,2,case_097,5151744,9.0427241726297
L2,2,case_098,81351,10.079777753192953
L2,2,case_099,797742,1.1645369054155363
L2,2,case_100,51004,43.782840561524594
L2,3,case_001,77600,1.217783505154646
L2,3,case_002,80000,17.686249999999994
L2,3,case_003,146264,69.25217415085052
L2,3,case_004,128538,4.282780189515933
L2,3,case_005,21294,146.05992298299992
L2,3,case_006,23000,21.12608695652174
L2,3,case_007,326340,3.601765030336468
L2,3,case_008,83376,95.93048359240069
L2,3,case_009,39998,57.18035901795089
L2,3,case_010,18499,66.79820530839504
L2,3,case_011,61483,13.242684969829055
L2,3,case_012,11858,52.75763197841119
L2,3,case_013,87904,0.5085092828540194
L2,3,case_014,5741916,2.6982979200671053
L2,3,case_015,33833,74.10811929181568
L2,3,case_016,2571659,11.862420328667223
L2,3,case_017,36867,42.23831610925761
L2,3,case_018,323774,3.3402929203703913
L2,3,case_019,16146,74.62529419051158
L2,3,case_020,177536,0.23319214131218846
L2,3,case_021,2064000,2.052083333333332
L2,3,case_022,18029,7.438016528925617
L2,3,case_023,23186,78.37056844647631
L2,3,case_024,851599,11.955039872052463
L2,3,case_025,1567608,3.4802067863904718
L2,3,case_026,23590,58.44001695633742
L2,3,case_027,743040,2.993109388458226
L2,3,case_028,12991536,6.595478779414532
L2,3,case_029,12495,1.9847939175670293
L2,3,case_030,925494,0.8365262227523873
L2,3,case_031,444831,8.708026194217577
L2,3,case_032,11332,4.200494175785385
L2,3,case_033,576036,4.570374073842598
L2,3,case_034,249720,12.366250200224261
L2,3,case_035,47970,48.26975192828851
L2,3,case_036,310400,0.3044458762886615
L2,3,case_037,69867,5.969914265676213
L2,3,case_038,441667,3.9955441543062964
L2,3,case_039,459294,5.063858879062222
L2,3,case_040,61917,67.51780609525655
L2,3,case_041,1965080,1.3343985995481145
L2,3,case_042,533026,6.814114133269289
L2,3,case_043,172584,54.076855328419796
L2,3,case_044,24802,82.4207725183453
L2,3,case_045,41826,1.852914455123611
L2,3,case_046,69750,18.74695340501793
L2,3,case_047,86457,55.47034942225615
L2,3,case_048,75960,31.365192206424442
L2,3,case_049,55239,46.5232897047376
L2,3,case_050,44471,44.93715005284342
L2,3,case_051,202360,12.39968373196283
L2,3,case_052,47176,31.215024588773943
L2,3,case_053,404242,21.02849283350072
L2,3,case_054,191406,65.25500768001002
L2,3,case_055,23017,74.05830473128556
L2,3,case_056,81985,42.539488930902
L2,3,case_057,15855,31.643014821822767
L2,3,case_058,1452990,7.009064067887594
L2,3,case_059,245931,3.310684704246314
L2,3,case_060,240078,34.79202592490773
L2,3,case_061,23819,18.879885805449437
L2,3,case_062,872800,24.197066911090737
L2,3,case_063,327200,21.239303178484104
L2,3,case_064,5248,168.61661585365852
L2,3,case_065,9840,72.38821138211382
L2,3,case_066,89898,52.568466484237696
L2,3,case_067,19638411,3.2374615237454885
L2,3,case_068,83034,93.83264686754825
L2,3,case_069,5558,160.4174163368118
L2,3,case_070,30611,34.26872692822842
L2,3,case_071,4178,150.35902345619917
L2,3,case_072,7642698,3.9538655066574613
L2,3,case_073,2720224,18.516232486736396
L2,3,case_074,526475,2.073032907545458
L2,3,case_075,369174,42.13379057030018
L2,3,case_076,2020548,1.3521084379089165
L2,3,case_077,138469,29.082321674887513
L2,3,case_078,679296,4.488470416431123
L2,3,case_079,9808128,3.385671557304315
L2,3,case_080,96348,4.127745256777504
L2,3,case_081,50575,2.7048937221947567
L2,3,case_082,189312,39.36359026369169
L2,3,case_083,270279,10.257548681177608
L2,3,case_084,422184,98.07003581376841
L2,3,case_085,855072,43.184784439205124
L2,3,case_086,26394,127.01750397817686
L2,3,case_087,1197760,14.531709190488918
L2,3,case_088,57870,93.71695178849144
L2,3,case_089,196374,16.765966981372273
L2,3,case_090,280176,11.478499229056016
L2,3,case_091,2993787,2.5730621450356983
L2,3,case_092,1238051,14.788486096291663
L2,3,case_093,24656,1.8129461388708634
L2,3,case_094,23648,48.16897834912044
L2,3,case_095,356664,95.07856133503803
L2,3,case_096,17710,70.81874647092039
L2,3,case_097,3434496,6.575695531454984
L2,3,case_098,54234,18.272670280635772
L2,3,case_099,531828,1.6467730168400418
L2,3,case_100,34003,51.621915713319424
L2,4,case_001,58200,1.3470790378006914
L2,4,case_002,60000,21.866666666666656
L2,4,case_003,109698,109.00563364874473
L2,4,case_004,96404,8.074353761254716
L2,4,case_005,15971,218.0765136810469
L2,4,case_006,17250,42.86956521739131
L2,4,case_007,244755,3.939858225572501
L2,4,case_008,62532,96.79524083669162
L2,4,case_009,29998,76.15507700513366
L2,4,case_010,13874,73.9584834943059
L2,4,case_011,46112,1.5093684941013263
L2,4,case_012,8893,67.36759248847409
L2,4,case_013,65928,1.598713748331515
L2,4,case_014,4306437,2.792587004059266
L2,4,case_015,25375,102.96748768472908
L2,4,case_016,1928744,16.08378302148963
L2,4,case_017,27650,55.24050632911393
L2,4,case_018,242830,5.272000988345749
L2,4,case_019,12234,76.54078796795815
L2,4,case_020,133152,0.41456380677722393
L2,4,case_021,1548000,0.15012919896639776
L2,4,case_022,13522,7.779914213873695
L2,4,case_023,17390,75.51466359976999
L2,4,case_024,638699,16.334454884069018
L2,4,case_025,1175706,3.5500371691562282
L2,4,case_026,17692,97.61474112593262
L2,4,case_027,557280,0.34381280505311196
L2,4,case_028,9743652,5.197476264546386
L2,4,case_029,9372,17.669654289372595
L2,4,case_030,694120,0.8695902725753379
L2,4,case_031,333623,18.21367231875499
L2,4,case_032,8499,26.650194140487127
L2,4,case_033,432027,5.789221506989151
L2,4,case_034,187290,34.790965881787606
L2,4,case_035,35978,52.66829729279004
L2,4,case_036,232800,0.33676975945016174
L2,4,case_037,52400,1.7557251908396854
L2,4,case_038,331250,4.0537358490565945
L2,4,case_039,344470,6.846750079832797
L2,4,case_040,46438,95.33356303027693
L2,4,case_041,1473810,0.9408268365664441
L2,4,case_042,399769,9.033466827092651
L2,4,case_043,129438,75.49637664364406
L2,4,case_044,18601,143.23423471856353
L2,4,case_045,31369,1.622621059007301
L2,4,case_046,52312,52.77183055513075
L2,4,case_047,64843,83.50323088074272
L2,4,case_048,75960,28.12137967351238
L2,4,case_049,41429,69.76514036061697
L2,4,case_050,33353,76.38293406889936
L2,4,case_051,151770,17.537062660604864
L2,4,case_052,35382,27.7937934542988
L2,4,case_053,303182,37.18888324504752
L2,4,case_054,143554,82.71869819022805
L2,4,case_055,17263,84.34223483751376
L2,4,case_056,61489,67.96012294882013
L2,4,case_057,11892,57.139253279515636
L2,4,case_058,1089743,4.2499011234758965
L2,4,case_059,184448,0.37734212352533714
L2,4,case_060,180058,33.213186862011135
L2,4,case_061,17864,49.33945364979848
L2,4,case_062,654600,28.14757103574703
L2,4,case_063,245400,27.618581907090455
L2,4,case_064,3936,167.5813008130081
L2,4,case_065,7380,59.47154471544715
L2,4,case_066,67424,78.3296748932131
L2,4,case_067,14728808,3.8229909711634535
L2,4,case_068,62276,122.58655019590212
L2,4,case_069,4169,201.48716718637564
L2,4,case_070,22958,50.962627406568515
L2,4,case_071,3134,193.65028717294192
L2,4,case_072,5732024,2.9644851452122367
L2,4,case_073,2040168,7.586434058371672
L2,4,case_074,394856,2.8266000769900934
L2,4,case_075,276880,50.8751083501878
L2,4,case_076,1515411,1.3788338609129758
L2,4,case_077,103852,39.36563571235989
L2,4,case_078,509472,11.532724075120914
L2,4,case_079,7356096,3.799950408477537
L2,4,case_080,72261,25.35669309862858
L2,4,case_081,37932,4.365707054729517
L2,4,case_082,141984,48.156834572909624
L2,4,case_083,202709,8.206345056213582
L2,4,case_084,316638,98.65840486612471
L2,4,case_085,641304,44.061006948342765
L2,4,case_086,19796,158.9563548191554
L2,4,case_087,898320,19.036089589455862
L2,4,case_088,43402,111.95106216303397
L2,4,case_089,147280,12.449755567626287
L2,4,case_090,210132,18.32134087145223
L2,4,case_091,2245340,2.7745018571797564
L2,4,case_092,928538,9.672302049027603
L2,4,case_093,18492,6.9597663854639835
L2,4,case_094,17736,51.894451962110956
L2,4,case_095,267498,96.04707324914578
L2,4,case_096,13283,103.14687946999923
L2,4,case_097,2575872,1.981309630292194
L2,4,case_098,40676,24.358343986626018
L2,4,case_099,398871,1.1710553035944038
L2,4,case_100,25502,77.3978511489295
L2,5,case_001,46560,2.0231958762886526
L2,5,case_002,48000,24.11458333333334
L2,5,case_003,87759,141.90909194498568
L2,5,case_004,77123,14.545595996006377
L2,5,case_005,12777,287.2896611098067
L2,5,case_006,13800,59.16666666666666
L2,5,case_007,195804,4.1010398153255245
L2,5,case_008,50026,101.10142725782593
L2,5,case_009,23999,93.09971248802033
L2,5,case_010,11100,122.73873873873873
L2,5,case_011,36890,26.801301165627535
L2,5,case_012,7115,77.39985945186226
L2,5,case_013,52743,3.0714976394971893
L2,5,case_014,3445150,4.275053335848944
L2,5,case_015,20300,96.24137931034483
L2,5,case_016,1542995,35.2148905213562
L2,5,case_017,22120,37.8616636528029
L2,5,case_018,194264,3.6409216324177374
L2,5,case_019,12234,52.36226908615333
L2,5,case_020,106522,1.058936182197101
L2,5,case_021,1238400,0.8866279069767335
L2,5,case_022,10818,9.197633573673514
L2,5,case_023,13912,78.21305347901092
L2,5,case_024,510959,35.67487802348133
L2,5,case_025,940565,3.691079298081479
L2,5,case_026,14154,138.24360604776035
L2,5,case_027,445824,25.330399440137818
L2,5,case_028,7794922,5.313446369315811
L2,5,case_029,7497,25.156729358410026
L2,5,case_030,555296,1.0086512418602034
L2,5,case_031,266899,14.765135875368586
L2,5,case_032,6799,52.83129872040006
L2,5,case_033,345622,6.267830172847799
L2,5,case_034,149832,14.480885258155807
L2,5,case_035,28782,97.8389271072198
L2,5,case_036,186240,0.5057989690721687
L2,5,case_037,41920,2.6073473282442805
L2,5,case_038,265000,3.3052830188679216
L2,5,case_039,275576,23.55067204691266
L2,5,case_040,37151,118.76127156738714
L2,5,case_041,1179048,1.1879075321785004
L2,5,case_042,319816,15.604910323435984
L2,5,case_043,103551,108.2355554267945
L2,5,case_044,14881,204.03870707613737
L2,5,case_045,25096,4.255658272234619
L2,5,case_046,41850,90.96296296296296
L2,5,case_047,51874,119.98303581755793
L2,5,case_048,75960,29.740652975250125
L2,5,case_049,33143,90.6767643242917
L2,5,case_050,26683,103.54158078177119
L2,5,case_051,121416,37.88133359689003
L2,5,case_052,28306,46.919381049954076
L2,5,case_053,242546,49.37496392436898
L2,5,case_054,114844,106.51057086134234
L2,5,case_055,13810,89.59449674149167
L2,5,case_056,49191,92.08798357423107
L2,5,case_057,9513,73.84631556816987
L2,5,case_058,871794,15.258765258765262
L2,5,case_059,147559,2.153037090248655
L2,5,case_060,144047,28.10541003977869
L2,5,case_061,14292,55.91239854464036
L2,5,case_062,523680,34.34578368469295
L2,5,case_063,196320,30.32497962510188
L2,5,case_064,3528,135.03401360544217
L2,5,case_065,5904,61.890243902439025
L2,5,case_066,53939,104.12503012662451
L2,5,case_067,11783047,4.026725854526414
L2,5,case_068,49821,161.7089179261757
L2,5,case_069,3335,276.8815592203898
L2,5,case_070,18367,40.687101867479726
L2,5,case_071,2507,267.0921420023933
L2,5,case_072,4585619,5.066295302771562
L2,5,case_073,1632135,10.6153596363046
L2,5,case_074,315885,4.52633078493756
L2,5,case_075,221504,60.26979196763942
L2,5,case_076,1212329,1.6584606983747863
L2,5,case_077,83082,45.736742013913954
L2,5,case_078,407578,11.032734838484902
L2,5,case_079,5884877,2.6982891910909856
L2,5,case_080,57809,48.80900897784082
L2,5,case_081,30345,1.9706706211896519
L2,5,case_082,113588,65.04120153537345
L2,5,case_083,162168,17.711262394553806
L2,5,case_084,253311,98.75646932032166
L2,5,case_085,513044,58.60978785445303
L2,5,case_086,15837,223.69135568605162
L2,5,case_087,718656,23.17729205628285
L2,5,case_088,34722,164.93577558896376
L2,5,case_089,117824,13.16709668658338
L2,5,case_090,168106,47.901324164515245
L2,5,case_091,1796272,2.882525586325446
L2,5,case_092,742831,9.948023170815446
L2,5,case_093,14794,7.3137758550763765
L2,5,case_094,14189,42.025512721122006
L2,5,case_095,213999,96.66073205949561
L2,5,case_096,10626,129.27724449463577
L2,5,case_097,2060698,2.0164041504383556
L2,5,case_098,32541,41.7166036692173
L2,5,case_099,319097,2.563170446604013
L2,5,case_100,20402,87.03068326634644
