scene,cores,ratio_mean,time_reduction_percent,wins,ties,losses,faster_more_copy
A,2,1.398925978968997,25.012058807774356,92,7,1,4
A,3,1.6229639704619343,32.950104349689745,91,7,2,2
A,4,1.828960548760987,38.933398370197075,92,4,4,3
A,5,2.053092817570483,43.47602292388654,93,5,2,2
B,1,1.1383795084411292,10.875171448026206,82,18,0,15
B,2,1.2276374547140487,16.38354392831601,90,10,0,20
B,3,1.3578009051367723,22.602060313642834,92,7,1,11
B,4,1.4989105642096674,28.14106627951169,93,7,0,5
B,5,1.718822069879483,34.49097229338755,94,5,1,4
L2,1,1.136024958303536,10.69119036184883,81,19,0,14
L2,2,1.2228268879059803,16.211499057145193,91,9,0,21
L2,3,1.3361651149370963,21.833185608451455,92,7,1,16
L2,4,1.4541699226860638,26.441222947622734,93,7,0,7
L2,5,1.6214583790743566,31.408121771719717,94,5,1,7
