scene,cores,count,mean_speedup,median_speedup,min_speedup,mean_added_MiB,mean_partition_MiB,mean_spill_MiB,wall_median_s,wall_p95_s,wall_max_s,wins_REF,ties_REF,losses_REF,extended_budget
A,2,100,1.855273958531753,1.9638477038828812,1.0455614505278128,13.202313327789307,11.950236682891846,1.252076644897461,25.67557394949995,376.954948251,819.1332882120005,100,0,0,1
A,3,100,2.5605874509384363,2.7681237063949657,1.1133372160745487,14.554583549499512,13.163980751037597,1.390602798461914,20.895502177000253,399.0523772010001,752.9736457970002,100,0,0,1
A,4,100,3.197301808178885,3.4596410200131458,1.1718979892103973,14.873584213256835,14.49416358947754,0.37942062377929686,18.89944809350027,465.8099268189999,910.730925964,100,0,0,1
A,5,100,3.7432824388023844,4.130238844847874,1.2023397697968425,14.791343250274657,13.557368946075439,1.2339743041992188,21.483866878500294,470.648114738,1036.11330615,100,0,0,1
B,1,100,1.0613657846081295,1.0088720464019736,1.0,8.708951930999756,0.0,8.708951930999756,13.822181668500008,183.098457112,237.84207574800007,55,45,0,0
B,2,100,1.9925222967196292,1.9941106169160725,1.424759633301036,9.143688144683837,2.7090639305114745,6.434624214172363,9.896370133500113,105.63203792199965,265.0208374949998,100,0,0,0
B,3,100,2.8011092819307555,2.9259823443459103,1.3552640907479616,8.715530471801758,3.9675982284545896,4.747932243347168,10.164399309499913,94.2154733569987,247.59586818500065,100,0,0,0
B,4,100,3.5210461852141943,3.724108801383803,1.736104398260029,7.797633285522461,4.570294494628906,3.2273387908935547,9.941419474500435,86.07546112600085,121.54685129300015,100,0,0,0
B,5,100,4.131077430492359,4.446792282193774,1.8118176594522122,8.217333126068116,5.511177501678467,2.7061556243896483,7.9156565090000015,77.46543423000003,127.1108313289999,100,0,0,0
L2,1,100,1.063807473041955,1.0113699786533865,1.0,8.413081512451171,0.0,8.413081512451171,17.369877375000044,193.12059137999995,385.450982692,71,29,0,0
L2,2,100,2.0029476207591435,1.9957123024041388,1.424759633301036,8.198581581115723,2.7611302185058593,5.437451362609863,18.97944107550029,193.85992369799988,301.0510913970011,100,0,0,0
L2,3,100,2.834797544241034,2.9392864238529794,1.3560331985528835,9.037736644744873,4.278735065460205,4.759001579284668,21.749040996999838,201.41495122099877,287.9195554859998,100,0,0,0
L2,4,100,3.581090859524073,3.74297758448815,1.8150398784656285,8.281265907287597,4.621178092956543,3.660087814331055,22.280303000999538,189.83243343499998,261.79218227099955,100,0,0,0
L2,5,100,4.218977835070959,4.470773660463594,1.9323013499312909,9.403215465545655,5.846740016937256,3.5564754486083983,20.745373418000327,197.70447293300094,423.6722880790003,100,0,0,0
