case_id,n_ops,n_tensors,n_edges,n_noncopy_ops,W_M,W_V,cp_cycles,cp_ops,max_level_width,avg_parallelism,multi_use_tensor_ratio,span_ops_median,span_ops_max,span_cycles_median,span_cycles_max,anomalies
case_001,1001,1202,2402,600,232800,30400,1316,5,201,200,0.16722129783693843,2,796,152,261884,
case_002,2197,2595,5392,1798,240000,35928,2976,26,398,92.71774193548387,0.0766859344894027,6,14,1008,2352,
case_003,13670,13868,36295,13455,438792,325189,28285,307,325,27.010111366448648,0.26918084799538505,17,13269,564,676153,
case_004,1002,1116,2670,777,385614,47952,2748,8,222,157.77510917030568,0.20161290322580644,6,880,2748,429660,
case_005,4209,4298,11187,4113,63882,60930,6894,140,196,18.10443864229765,0.28780828292228944,13,4146,296,123754,
case_006,851,982,1995,678,18660,69000,2836,24,131,30.909732016925247,0.09979633401221996,16,69,1849,15419,
case_007,4998,5556,13326,3885,979020,253080,1632,8,1110,754.9632352941177,0.20032397408207345,6,4432,1632,1229880,
case_008,1404,1836,3348,864,250128,237168,4512,10,432,108,0.11764705882352941,1,1,366,582,
case_009,6058,6376,15754,5671,65160,119992,9965,368,318,18.580230807827395,0.2584692597239649,11,4859,296,113150,
case_010,796,889,1899,667,44610,55496,3146,64,93,31.820089001907185,0.13048368953880765,6,72,324,29592,
case_011,880,1056,2448,688,184448,25536,2120,24,352,99.04905660377358,0.16666666666666666,322.5,516,98430,157488,
case_012,1304,1555,3131,972,35572,32237,2506,16,251,27.058659217877096,0.0977491961414791,14,105,606,6480,
case_013,3202,4190,8126,1968,263712,43296,400,6,988,767.52,0.0009546539379474941,2940,2940,305760,305760,
case_014,38666,40287,108272,35705,17225748,1651424,31968,126,15921,590.5021271271271,0.0436617271080001,435,16510,284580,10624320,
case_015,1290,1501,3107,1013,94980,101497,7913,13,211,24.82964741564514,0.11259160559626916,8,120,1888,87072,
case_016,18008,18020,43019,17995,0,7714975,655140,2442,12,11.77607076350093,0.01753607103218646,44,17936,23056,7689680,
case_017,1758,2015,4245,1373,110600,67202,5980,12,257,29.73277591973244,0.11811414392059554,24,62,1171,57372,
case_018,3285,3717,8718,2727,971320,112731,3539,30,1084,306.3156258830178,0.07909604519774012,225,1500,129420,862800,
case_019,766,854,1841,647,48436,40276,12234,81,88,7.25126696092856,0.13700234192037472,6,88,524,17952,
case_020,7584,7872,18048,7008,0,532608,1824,26,576,292,0.2073170731707317,13,21,988,1596,
case_021,4450,4900,12820,3920,6192000,783360,5544,9,2000,1258.1818181818182,0.09183673469387756,343,3528,610344,6277824,
case_022,1567,1705,3720,1356,4484,54087,1986,18,149,29.491943605236656,0.11964809384164223,21,126,880,4836,
case_023,1202,1336,2869,1011,63384,69558,4218,17,134,31.51778093883357,0.1594311377245509,10,54,528,20700,
case_024,5972,5984,14255,5959,0,2554795,216948,810,12,11.77607076350093,0.01871657754010695,44,5900,23056,2529500,
case_025,23997,26666,63990,18662,4702824,1215696,1632,8,5332,3626.544117647059,0.2000675016875422,6,21320,1632,5916300,
case_026,769,871,1849,636,40992,70768,4319,40,102,25.87636026858069,0.1148105625717566,6,156,840,32628,
case_027,1800,2160,5024,1424,2229120,287232,21048,47,720,119.55302166476625,0.16666666666666666,667.5,1068,1179540,1887264,
case_028,19944,20151,51822,19584,38974608,1975536,246816,126,306,165.91365227537923,0.1849039749888343,4,19608,5856,40682496,
case_029,1113,1281,2772,861,0,37485,407,14,168,92.1007371007371,0.14754098360655737,20,38,816,1381,
case_030,11248,11940,30954,10070,2776480,406822,1494,14,4472,2130.724230254351,0.049916247906197656,225,5128,102924,1587264,
case_031,6805,7365,18435,6135,1334492,221025,13057,138,1659,119.13280232825305,0.16917854718262051,15,2709,468,1181628,
case_032,1035,1186,2469,827,10150,33995,1146,32,151,38.52094240837696,0.09274873524451939,24,112,1088,9360,
case_033,4069,4572,11073,3465,1728108,192042,6300,5,1439,304.7857142857143,0.10761154855643044,318,2226,205416,1437912,
case_034,4545,5144,11907,3745,749160,194956,3677,16,1374,256.7625781887408,0.10342146189735614,100,840,26544,285900,
case_035,4237,4538,10712,3857,62192,143909,17200,335,301,11.982616279069767,0.20581754076685765,12,2523,487,122477,
case_036,4001,4802,9602,2400,931200,121600,1316,5,801,800,0.1668054977092878,2,3196,152,1051484,
case_037,980,1160,2740,780,209600,28880,904,8,400,263.8053097345133,0.15517241379310345,117,624,35772,190784,
case_038,6843,7649,18941,5907,1325000,167776,8754,38,2594,170.525017135024,0.11125637338214146,423,2352,94644,774720,
case_039,5966,6612,17182,5250,1377880,98420,784,10,2660,1883.0357142857142,0.09770114942528736,450,4725,126540,1328670,
case_040,3381,3647,8621,3083,111972,185751,16120,231,266,18.469168734491316,0.200164518782561,9,2233,504,139358,
case_041,18149,19210,51024,16594,5895240,607750,1767,41,7574,3680.243350311262,0.055439875065070275,6080,7420,2714880,3225040,
case_042,5345,5853,14855,4733,1599076,226026,5685,47,2057,321.0381706244503,0.08850162309926533,343,3528,149268,1535328,
case_043,9756,10140,25867,9309,517752,343841,27474,145,547,31.36030428769018,0.2574950690335306,17,4883,804,332129,
case_044,1436,1497,3686,1364,74404,9988,7672,126,61,11,0.20975283901135605,4,1250,192,76720,
case_045,1787,1855,4253,1651,0,125476,1824,26,136,68.79166666666667,0.20754716981132076,13,21,988,1596,
case_046,1058,1116,2708,992,209248,18400,28456,126,58,8,0.2168458781362007,4,875,696,199192,
case_047,13988,14259,37206,13710,153760,259370,19990,462,271,20.666833416708354,0.2794024826425415,13,13925,370,412372,
case_048,1900,2069,4961,1728,139536,120060,75960,371,169,3.417535545023697,0.2890285161913968,5,1853,892,257952,
case_049,4465,4609,11684,4303,95464,165715,8921,188,144,29.27687478982177,0.2514645259275331,15,3963,773,222637,
case_050,4781,4969,12462,4555,51968,133411,6829,188,188,27.145848586908773,0.2545783859931576,15,3963,523,134078,
case_051,1429,1441,3398,1416,0,607080,51552,194,12,11.77607076350093,0.024288688410825817,44,1357,23056,581785,
case_052,1347,1606,3272,1008,141528,62595,3665,13,259,55.695225102319235,0.09277708592777086,12,231,1184,73920,
case_053,12046,12377,31833,11670,1212726,344076,56912,126,331,27.354547371380377,0.2665427809646926,13,9947,552,677248,
case_054,16133,16484,42855,15751,574216,440672,20291,356,351,50.01665763146222,0.2677141470516865,17,15488,654,678990,
case_055,1468,1641,3467,1236,61796,69049,6962,30,200,18.794168342430336,0.08531383302864107,32,140,2480,26400,
case_056,7936,8157,20894,7678,131016,245953,13737,302,221,27.44187231564388,0.26627436557557926,17,7343,740,351953,
case_057,1053,1180,2563,865,14062,47565,8189,103,127,7.525583099279522,0.11186440677966102,16,94,1984,7896,
case_058,17886,18942,52347,16575,4358970,310080,746,9,8415,6258.780160857908,0.05574912891986063,910,15600,256340,4394400,
case_059,3168,3520,9088,2752,737792,102144,2120,24,1408,396.1962264150943,0.1,1354.5,2408,413406,734944,
case_060,6086,6752,16435,5281,720232,273539,4252,36,1977,233.71848541862653,0.1134478672985782,236,3425,54480,749100,
case_061,1450,1709,3505,1115,71456,27572,11506,46,259,8.606640013905789,0.07723815096547688,24,180,640,34440,
case_062,23999,28361,58906,19636,2618400,392688,3120,30,4362,965.0923076923077,0.07690137865378513,6,14,1008,2352,
case_063,8995,10629,22078,7360,981600,147168,3048,28,1634,370.3307086614173,0.07686518016746637,6,14,1008,2352,
case_064,972,1034,2550,906,7308,15744,3528,125,62,6.534013605442177,0.2852998065764023,7,923,193,22634,
case_065,914,1067,2164,704,28260,29518,1265,11,153,45.67430830039525,0.11808809746954077,10,72,476,23040,
case_066,6181,6362,16324,5962,269694,170683,32240,101,192,13.659336228287842,0.2813580635020434,16,3653,533,285855,
case_067,8996,9117,23246,8804,58915232,2360608,863040,126,121,71,0.19238784687945595,4,8750,20160,60412800,
case_068,5853,6260,15148,5351,249101,154696,48319,266,407,8.356898942445001,0.24376996805111822,7,4315,281,336946,
case_069,1074,1110,2844,1032,16674,15288,2298,48,144,13.908616187989557,0.2918918918918919,11,1013,254,30904,
case_070,1437,1630,3424,1191,91832,47214,4054,14,213,34.298470646275284,0.0785276073619632,20,219,1121,60412,
case_071,781,816,2063,741,12534,10954,2298,48,100,10.22106179286336,0.3002450980392157,9,722,214,22430,
case_072,31387,32624,88639,29666,22928094,1708199,31968,126,11082,770.6548110610611,0.09079205492888671,38,21293,1024,23463900,
case_073,4964,5053,12814,4836,8160672,428064,220224,126,89,39,0.19513160498713636,4,4750,5184,8368512,
case_074,4269,4833,11541,3609,1579424,198420,3091,35,1474,575.1679068262698,0.09186840471756673,306,2142,173016,1211112,
case_075,7684,7953,20378,7410,1107520,644660,182300,462,269,9.611519473395502,0.28718722494656107,9,7625,1392,1748136,
case_076,35076,36815,99916,32528,6061644,947248,2774,14,15270,2526.6373467916364,0.045253293494499525,912,18411,210624,4251972,
case_077,4872,5208,12652,4486,415406,136672,15619,137,336,35.3465650809911,0.2411674347158218,12,2131,285.5,323400,
case_078,1094,1156,2812,1024,2037888,103296,246816,126,62,8.675223648385842,0.21280276816608998,4,903,6432,1873536,
case_079,20130,21252,58980,18720,29424384,3760128,5952,10,9504,5575.354838709677,0.052795031055900624,975,17680,1728360,31340928,
case_080,1395,1674,3888,1098,289044,20520,746,9,558,414.9651474530831,0.16666666666666666,122,915,34396,257970,
case_081,4505,5185,11220,3485,0,151725,407,14,680,372.7886977886978,0.14754098360655737,20,38,816,1381,
case_082,4209,4298,11187,4113,567936,359766,54690,140,196,16.962918266593526,0.27873429502094,13,4146,1876,923658,
case_083,3956,4037,10206,3844,810836,71300,28456,126,81,31,0.1966807034926926,4,3750,696,853680,
case_084,14001,18309,33387,8616,1266552,1240704,2328,10,4308,1077,0.11764705882352941,1,1,192,300,
case_085,19993,20240,53243,19737,2565216,1724706,165564,452,324,25.910958904109588,0.2741106719367589,17,19926,2296,4285878,
case_086,5372,5462,14290,5274,79182,78060,6894,140,256,22.808529155787642,0.28304650311241303,15,5307,343,156184,
case_087,28666,29569,77339,27556,3593280,882784,82063,384,3066,54.54424040066778,0.22712976428015827,15,12787,523,2677092,
case_088,3577,3811,9270,3309,173608,99744,32229,178,234,8.481553880045922,0.2637103122540016,7,2859,263,223418,
case_089,5254,5348,13628,5120,589120,109760,16272,126,94,42.94985250737463,0.18960359012715033,4,5031,432,681408,
case_090,1744,1811,4502,1664,840528,59280,63936,126,67,14.073573573573574,0.20209828823854223,4,1548,1680,830592,
case_091,33497,34927,96492,31554,8981360,931710,56912,126,14803,174.18242198481866,0.044235118962407304,912,28536,299712,9234876,
case_092,17942,18134,46392,17608,3714152,326600,28456,126,192,142,0.19069151869416565,4,17625,696,4012296,
case_093,901,1181,2285,552,73968,12144,400,6,280,215.28,0.003386960203217612,816,816,84864,84864,
case_094,791,895,1925,647,70944,36616,2484,38,108,43.30112721417069,0.13519553072625698,11,147,912,47040,
case_095,6006,7854,14322,3696,1069992,1014552,4512,10,1848,462,0.11764705882352941,1,1,366,582,
case_096,1362,1476,3200,1198,40144,53130,9417,121,114,9.904852925560157,0.1070460704607046,6.5,303,672,22080,
case_097,7488,8320,21568,6592,10303488,1331712,23904,54,3328,486.7469879518072,0.1,3244.5,5768,5726700,10180800,
case_098,1553,1700,3615,1365,17296,162701,6783,53,147,26.536488279522334,0.10058823529411764,14,306,992,68121,
case_099,7054,7610,19599,6296,1595484,144720,2826,13,2810,615.7834394904459,0.0633377135348226,232,5109,67808,1449396,
case_100,1654,1825,4014,1394,62556,102007,4830,14,187,34.071014492753626,0.11232876712328767,24,220,751,45700,
