case,k,scene,T,REF,copy,partition,spill,wall,budget,C3_T,C3_copy,speedup,C3_speedup,versus_C3,reduction_pct
case_001,1,B,233110,233110,0,0,0,1.5972006399999827,600.0,233110,0,1.0,1.0,1.0,0.0
case_002,1,B,261945,261945,0,0,0,4.644907420999971,600.0,270245,402432,1.0,0.9692871283465004,1.0316860409627975,3.0712871653499563
case_003,1,B,548159,602212,24576,0,24576,50.10920155500003,600.0,591726,0,1.098608250525851,1.0177210398055856,1.0794787643731107,7.36269827589121
case_004,1,B,392357,392357,0,0,0,1.9146284039999841,600.0,469341,4580352,1.0,0.835974270306664,1.1962090647038284,16.402572969333594
case_005,1,B,83323,95618,0,0,0,11.12683214399999,600.0,92369,0,1.1475582972288563,1.035174138509673,1.1085654621173024,9.793328930701861
case_006,1,B,76373,82837,166044,0,166044,3.91171534099999,600.0,82034,55340,1.0846372409097456,1.0097886242289782,1.0741230539588598,6.900797230416655
case_007,1,B,1012562,1012562,0,0,0,24.33083044099999,600.0,1371060,14163456,1.0,0.7385249369101279,1.3540504186410314,26.14750630898721
case_008,1,B,487605,487605,0,0,0,5.294839676000038,600.0,489877,11410176,1.0,0.9953621010988473,1.0046595092339086,0.4637898901152737
case_009,1,B,147061,153261,327048,0,327048,27.38968808100003,600.0,147522,218758,1.0421593760412347,1.038902672143816,1.0031347536056467,0.3124957633437675
case_010,1,B,86057,86969,63892,0,63892,3.4541043039999977,600.0,86057,63892,1.0105976271540955,1.0105976271540955,1.0,0.0
case_011,1,B,184697,184697,0,0,0,1.6549738479999974,600.0,209814,1933312,1.0,0.8802892085370853,1.1359902976225926,11.971079146291475
case_012,1,B,51532,59088,0,0,0,3.9508205149999753,600.0,62965,6144,1.1466273383528682,0.9384261097435083,1.22186214391058,18.157706662431504
case_013,1,B,263949,263949,0,0,0,5.605724365000015,600.0,384032,3973120,1.0,0.6873099116740272,1.454947736115689,31.26900883259728
case_014,1,B,17698626,17698626,71010720,0,71010720,207.46027073799996,600.0,22720207,382815744,1.0,0.7789817231858847,1.2837271661653282,22.101827681411535
case_015,1,B,158311,177362,873464,0,873464,5.065575276000004,600.0,197059,890300,1.12033907940699,0.900045164138659,1.2447587343899034,19.663146570316503
case_016,1,B,7715523,7715523,0,0,0,47.426877728999955,600.0,7715523,0,1.0,1.0,1.0,0.0
case_017,1,B,155189,162810,0,0,0,5.281574057,600.0,168284,319492,1.0491078620263035,0.9674716550593045,1.0843809806107392,7.781488436214968
case_018,1,B,1004367,1004367,1970176,0,1970176,13.81777186200003,600.0,1087133,9632384,1.0,0.9238676408498316,1.0824061324197232,7.613235915016836
case_019,1,B,74026,81144,315392,0,315392,3.3019465179999656,600.0,84010,285708,1.0961554048577526,0.9658850136888466,1.134871531624024,11.88429948815617
case_020,1,B,532746,532746,0,0,0,17.54725582399999,600.0,847733,30552064,1.0,0.6284360759814706,1.591251740979754,37.15639240185295
case_021,1,B,6567937,6567937,4501504,0,4501504,24.836013135999963,600.0,8373891,93229056,1.0,0.7843351436028962,1.2749651831313242,21.566485639710375
case_022,1,B,56750,56780,0,0,0,5.353231657000038,600.0,58388,609008,1.0005286343612334,0.972460094539974,1.028863436123348,2.8053709666369775
case_023,1,B,109495,122614,1100056,0,1100056,5.651870357000007,600.0,130624,1059892,1.1198136901228366,0.9386789563939245,1.1929677154207954,16.175434835864777
case_024,1,B,2555343,2555343,0,0,0,9.63533410499997,600.0,2555343,0,1.0,1.0,1.0,0.0
case_025,1,B,4863026,4863026,0,0,0,212.48697659799996,600.0,6770998,75770880,1.0,0.7182140653416232,1.3923425455673073,28.178593465837675
case_026,1,B,90235,99203,0,0,0,3.1437056099999836,600.0,108551,590104,1.0993849393250956,0.9138837965564574,1.2029811048927799,16.87317482105185
case_027,1,B,2363952,2363952,1400832,0,1400832,7.559208421999983,600.0,2601637,18362368,1.0,0.9086402138345973,1.1005456117552301,9.135978616540275
case_028,1,B,41576363,43836040,62779392,0,62779392,167.74160285800002,600.0,41576363,62779392,1.054350040189903,1.054350040189903,1.0,0.0
case_029,1,B,37555,37555,0,0,0,1.9964885089999598,600.0,39030,143360,1.0,0.9622085575198566,1.0392757289309014,3.7791442480143433
case_030,1,B,2808034,2808034,5519360,0,5519360,41.356003137000016,600.0,3983238,78480384,1.0,0.7049626459679286,1.418514875532134,29.503735403207145
case_031,1,B,1412792,1414369,2251776,0,2251776,37.15557380200005,600.0,1772640,25572354,1.0011162294237226,0.7978884601498331,1.2547069915458184,20.300117339110024
case_032,1,B,34524,41443,0,0,0,2.9362263980000307,600.0,40430,0,1.2004113080755416,1.0250556517437546,1.1710694009964082,14.607964382883997
case_033,1,B,1774196,1774196,4592640,0,4592640,12.043095538999978,600.0,2214967,33458712,1.0,0.8010033558062039,1.248434220345441,19.899664419379615
case_034,1,B,825894,842996,0,0,0,21.719675983000002,600.0,1068772,15565320,1.0207072578321188,0.7887519508370354,1.2940789011664935,22.72495911195278
case_035,1,B,162870,169571,0,0,0,13.826591474999987,600.0,164853,0,1.0411432430773009,1.0286194367102812,1.0121753545772703,1.2028898473185223
case_036,1,B,931510,931510,0,0,0,7.184118821999959,600.0,931510,0,1.0,1.0,1.0,0.0
case_037,1,B,210001,210001,0,0,0,2.311844659999906,600.0,272803,3178496,1.0,0.7697899216650843,1.2990557187822915,23.02100783349157
case_038,1,B,1364555,1364555,5627904,0,5627904,20.58850050400008,600.0,1706635,26422272,1.0,0.799558780875817,1.2506897853146264,20.0441219124183
case_039,1,B,1435262,1435262,7929856,0,7929856,44.62979381600002,600.0,2145158,44441600,1.0,0.6690705300029182,1.494610740060003,33.09294699970818
case_040,1,B,236131,253454,0,0,0,12.129411890000029,600.0,251197,80788,1.0733618203454862,1.0089849799161614,1.063803566664267,5.997683093349049
case_041,1,B,6003957,6003957,30898176,0,30898176,88.02677417799987,600.0,7993139,142234624,1.0,0.751138820430872,1.3313118331793516,24.886117956912802
case_042,1,B,1686740,1686740,6629376,0,6629376,33.665033182,600.0,1860101,22924288,1.0,0.9068002221384753,1.102778732940465,9.319977786152467
case_043,1,B,644058,677656,2867036,0,2867036,54.80741629600004,600.0,644058,2867036,1.0521661092634513,1.0521661092634513,1.0,0.0
case_044,1,B,78274,154407,0,0,0,5.133789256,600.0,78274,0,1.9726473669417686,1.9726473669417686,1.0,0.0
case_045,1,B,125614,125614,0,0,0,3.1164580930000056,600.0,185646,6213632,1.0,0.6766318692565421,1.4779085133822663,32.33681307434579
case_046,1,B,216726,276455,0,0,0,4.417663435999998,600.0,216726,0,1.275596836558604,1.275596836558604,1.0,0.0
case_047,1,B,291280,326508,0,0,0,32.33271629400008,600.0,307671,0,1.1209420488876682,1.0612244897959184,1.0562723152979951,5.327443925491837
case_048,1,B,198369,222220,0,0,0,4.567823561999944,600.0,200385,0,1.1202355206710726,1.1089652419093246,1.0101628782723107,1.0060633280934206
case_049,1,B,181681,196276,27658,0,27658,16.882764082999984,600.0,183488,0,1.0803331113325003,1.069693930938263,1.0099460042602144,0.9848055458667626
case_050,1,B,142450,149690,702996,0,702996,20.614191121999966,600.0,142787,372270,1.0508248508248508,1.0483447372659975,1.0023657423657424,0.23601588379894567
case_051,1,B,607628,607628,0,0,0,1.9282040719999713,600.0,607628,0,1.0,1.0,1.0,0.0
case_052,1,B,175278,180301,0,0,0,4.275253012000007,600.0,199152,567104,1.0286573329225572,0.90534365710613,1.136206483414918,11.987828392383705
case_053,1,B,1341846,1472686,855054,0,855054,50.292389676999846,600.0,1374908,867342,1.0975074635986544,1.0711160310362584,1.024639191084521,2.404669985191732
case_054,1,B,815051,815051,0,0,0,60.089826097000014,600.0,851141,3040542,1.0,0.9575980947927547,1.0442794377284366,4.240190520724529
case_055,1,B,106616,118835,282696,0,282696,5.011498878999987,600.0,117757,229464,1.1146075635927066,1.0091544451709877,1.1044965108426503,9.461008687381645
case_056,1,B,258692,277285,25618,0,25618,36.51500365000004,600.0,262320,101576,1.071873115519614,1.0570486428789265,1.0140243996721972,1.383043610856971
case_057,1,B,59056,59726,0,0,0,3.532620902000076,600.0,62337,286720,1.0113451639122188,0.9581147633026934,1.0555574370089407,5.2633267561801205
case_058,1,B,4539717,4539717,28696576,0,28696576,129.24581270499993,600.0,7219621,156753920,1.0,0.6288026753758957,1.5903240224005153,37.119732462410425
case_059,1,B,738041,829473,0,0,0,6.582726082000022,600.0,931859,12607488,1.123884716431743,0.8901271544300157,1.262611426736455,20.79906938710685
case_060,1,B,882690,888789,1439748,0,1439748,39.51427229800015,600.0,1211069,22700156,1.0069095605478706,0.7338879948211043,1.3720207547383567,27.114805184510548
case_061,1,B,77191,77191,0,0,0,4.268696832000046,600.0,90199,0,1.0,0.8557855408596547,1.168517055097097,14.421445914034525
case_062,1,B,2854809,2854809,0,0,0,72.58994846200017,600.0,3066597,11707392,1.0,0.9309371267238571,1.074186399160154,6.906287327614291
case_063,1,B,1070397,1070397,0,0,0,31.67191269700004,600.0,1136021,3683328,1.0,0.9422334622335327,1.0613080940996658,5.776653776646734
case_064,1,B,17184,19116,0,0,0,4.348432887999934,600.0,17625,0,1.1124301675977655,1.084595744680851,1.025663407821229,2.5021276595744713
case_065,1,B,44156,53068,0,0,0,3.1510453610000013,600.0,52874,0,1.2018298758945556,1.003669100124825,1.1974363619893107,16.488255097023107
case_066,1,B,318124,359070,75272,0,75272,21.93797176199996,600.0,343097,164210,1.1287108171656335,1.046555347321603,1.0785008361519408,7.278699609731354
case_067,1,B,63834834,63834834,264449408,0,264449408,79.9984191919998,600.0,63982899,197050368,1.0,0.9976858660311718,1.002319501606286,0.23141339688281803
case_068,1,B,328200,362095,531976,0,531976,25.590326539999978,600.0,356402,363012,1.1032754418037782,1.0159735355020454,1.0859293113954906,7.912974674665129
case_069,1,B,21597,25144,0,0,0,2.858525329000031,600.0,24055,0,1.1642357734870583,1.0452712533776762,1.113812103532898,10.218249844107252
case_070,1,B,110849,117300,0,0,0,6.681044961999987,600.0,122543,8204,1.0581962850364008,0.9572150184017039,1.1054948623803553,9.54277274099704
case_071,1,B,15824,18919,0,0,0,2.5286827590000485,600.0,18077,0,1.1955889787664307,1.046578525197765,1.1423786653185035,12.463351219782048
case_072,1,B,23897828,23897828,108613680,0,108613680,237.84207574800007,600.0,29606160,442636736,1.0,0.8071910710473766,1.2388640507413478,19.280892895262337
case_073,1,B,9839163,10081626,90447872,0,90447872,31.7852549549998,600.0,9839163,90447872,1.0246426449079054,1.0246426449079054,1.0,0.0
case_074,1,B,1651943,1682239,5255176,0,5255176,23.600456999000016,600.0,1853314,18702412,1.0183396158342024,0.9076923824025502,1.12189948442531,10.865455071293905
case_075,1,B,1334897,1441809,0,0,0,26.826334589,600.0,1334897,0,1.0800900743652881,1.0800900743652881,1.0,0.0
case_076,1,B,6185113,6185113,28280832,0,28280832,183.098457112,600.0,9193705,200206336,1.0,0.6727552167488515,1.4864247427654111,32.724478325114845
case_077,1,B,495320,495320,0,0,0,19.659688698000082,600.0,545846,2454184,1.0,0.9074354305060401,1.1020067834934992,9.256456949395986
case_078,1,B,2095621,2296143,24576,0,24576,2.985882907000132,600.0,2095621,24576,1.0956861951660153,1.0956861951660153,1.0,0.0
case_079,1,B,31052251,31052251,32448512,0,32448512,156.429056585,600.0,40812071,478351360,1.0,0.7608594770895111,1.314303140213571,23.914052291048893
case_080,1,B,292138,292138,548864,0,548864,3.499660249000044,600.0,345123,5201920,1.0,0.8464750248462143,1.1813697636048717,15.352497515378571
case_081,1,B,151795,151795,0,0,0,8.78672233999987,600.0,170358,1716224,1.0,0.8910353490883903,1.1222899304983696,10.896465091160968
case_082,1,B,718790,721041,597130,0,597130,12.856266811000069,600.0,718790,597130,1.0031316518037257,1.0031316518037257,1.0,0.0
case_083,1,B,851601,1057993,262144,0,262144,16.82402227500006,600.0,851601,262144,1.2423576299229333,1.2423576299229333,1.0,0.0
case_084,1,B,2191327,2507412,29453952,0,29453952,118.56790008799999,600.0,2191327,29453952,1.1442436477987996,1.1442436477987996,1.0,0.0
case_085,1,B,3187899,3187899,0,0,0,74.04915433199994,600.0,3297780,7653730,1.0,0.9666803122100323,1.0344681559861213,3.3319687789967745
case_086,1,B,105557,118403,155146,0,155146,21.43356447500014,600.0,114851,72392,1.121697282037193,1.0309270271917528,1.0880472161959889,8.092223837842072
case_087,1,B,3974071,3974071,7902720,0,7902720,194.95447076300002,600.0,4539784,47873670,1.0,0.8753876836430985,1.1423510048008705,12.461231635690151
case_088,1,B,219593,243623,544128,0,544128,13.95763872700013,600.0,235803,407046,1.109429717705027,1.0331632761245617,1.0738183821888676,6.874382429400816
case_089,1,B,659152,693092,0,0,0,27.277366365999796,600.0,659152,0,1.0514903997863922,1.0514903997863922,1.0,0.0
case_090,1,B,882630,1178363,0,0,0,6.466587343000128,600.0,882725,0,1.3350588581851965,1.3349151774335155,1.0001076328699454,0.010762128635755097
case_091,1,B,9186769,9186769,53947008,0,53947008,195.04505395800015,600.0,12265303,223405056,1.0,0.7490046515768913,1.335105193131557,25.099534842310867
case_092,1,B,4373417,4815554,29294592,0,29294592,168.85358135499996,600.0,4373417,29294592,1.101096465303903,1.101096465303903,1.0,0.0
case_093,1,B,74205,74205,0,0,0,1.1400587670000277,600.0,87862,90112,1.0,0.8445630648061733,1.1840442018731892,15.543693519382673
case_094,1,B,84874,94892,458752,0,458752,3.0597453390000737,600.0,105885,246788,1.1180337912670546,0.896179817726779,1.2475551994721588,19.84322614156868
case_095,1,B,2084853,2084853,0,0,0,30.69566501899999,600.0,2115445,50831616,1.0,0.9855387400759651,1.0146734565938222,1.4461259924034908
case_096,1,B,75393,84194,107552,0,107552,3.694733939999878,600.0,90001,8204,1.1167349753955937,0.9354784946833924,1.1937580411974587,16.230930767435915
case_097,1,B,11491509,11491509,10584064,0,10584064,60.99403264700004,600.0,13467202,121970688,1.0,0.8532959556112695,1.1719263327383722,14.670404438873053
case_098,1,B,176171,177430,852332,0,852332,4.24054873099999,600.0,178248,648648,1.0071464656498517,0.9954108882007091,1.0117896816161571,1.165230465418965
case_099,1,B,1622999,1622999,5484544,0,5484544,14.442171564999853,600.0,1882608,21230592,1.0,0.8621014040097567,1.1599563524068714,13.789859599024334
case_100,1,B,141463,151223,0,0,0,4.081217521000099,600.0,160922,345112,1.0689933056700338,0.9397285641490909,1.13755540317963,12.092193733610069
case_001,2,B,116868,233110,1152,1152,0,1.1413441559998319,600.0,116868,1152,1.9946435294520313,1.9946435294520313,1.0,0.0
case_002,2,B,137089,261945,562176,562176,0,8.357418784999936,600.0,140458,602112,1.9107659987307515,1.8649347135798602,1.0245752759156461,2.3985817824545452
case_003,2,B,315516,602212,6408454,6408454,0,41.15195760700044,600.0,362427,4913410,1.9086575641171921,1.661609096452527,1.1486802571026509,12.943572084861232
case_004,2,B,199074,392357,110592,110592,0,1.9058887589999358,600.0,237714,4064256,1.9709103147573264,1.6505422482478946,1.1940986768739263,16.25482722935965
case_005,2,B,60883,95618,2190534,2190534,0,27.083439748001183,600.0,70165,2229894,1.5705205065453411,1.3627592104325519,1.1524563507054515,13.228817786645763
case_006,2,B,39367,82837,614532,614532,0,2.0248657669999375,600.0,43960,695712,2.104224350344197,1.8843721565059144,1.1166713236975132,10.448134667879893
case_007,2,B,507494,1012562,27648,27648,0,9.262583489000463,600.0,706597,13986816,1.9952196479170197,1.4330120280725789,1.3923258206008347,28.177730729114337
case_008,2,B,244266,487605,0,0,0,2.8913379260011425,600.0,303776,10793472,1.9962049568912579,1.6051465553565785,1.2436278483292804,19.59009269988412
case_009,2,B,84436,153261,1236498,1236498,0,16.791127648999463,600.0,123228,1081466,1.8151144061774598,1.2437189599766287,1.4594248898574067,31.47985847372351
case_010,2,B,42846,86969,471500,471500,0,3.132057116001306,600.0,47779,884852,2.0298044158147786,1.8202348312019925,1.1151332679830088,10.324619602754348
case_011,2,B,92646,184697,180224,180224,0,1.1326361390001694,600.0,106120,1441792,1.9935777043801135,1.740454202789295,1.1454353129115127,12.696946852619673
case_012,2,B,29730,59088,461572,461572,0,2.706103255999551,600.0,32207,438142,1.9874873864783047,1.8346322228087062,1.0833165153044064,7.690874654578195
case_013,2,B,132198,263949,8192,8192,0,2.257484495999961,600.0,174752,3022848,1.9966187083011846,1.5104204815967772,1.3218959439628437,24.35108038820729
case_014,2,B,8864262,17698626,62154168,9893208,52260960,265.0208374949998,600.0,13084627,330830336,1.996627130380397,1.3526274765035335,1.4761101375388046,32.25437759899461
case_015,2,B,89331,177362,1786394,1786394,0,2.450036681999336,600.0,109987,1598956,1.985447381088312,1.6125723949193995,1.2312299201844825,18.780401320156017
case_016,2,B,4026549,7715523,404192,404192,0,34.64077134099898,600.0,4038048,401768,1.916162699125231,1.9107061134488743,1.0028557953721662,0.2847663029265646
case_017,2,B,86334,162810,394974,372446,22528,5.681437654000547,600.0,86613,1148440,1.8858155535478491,1.879740916490596,1.0032316352769477,0.32212254511447824
case_018,2,B,498719,1004367,1377280,1299456,77824,7.299361884000064,600.0,620458,12281224,2.0138935953913926,1.618750987173991,1.2441033928925909,19.620828484764484
case_019,2,B,40392,81144,814128,814128,0,2.6106570099991586,600.0,44196,688188,2.0089126559714794,1.836003258213413,1.0941770647653,8.607113765951668
case_020,2,B,266580,532746,0,0,0,11.216187782999441,600.0,641333,34037760,1.9984469952734638,0.8306854629342323,2.405780628704329,58.43345032923614
case_021,2,B,3194570,6567937,3174400,1536000,1638400,17.332392897998943,600.0,4455768,85438464,2.0559690349561914,1.4740302906255442,1.3947942915634968,28.304839928829328
case_022,2,B,28851,56780,6912,6912,0,4.929497991000062,600.0,33611,940850,1.9680427021593705,1.6893278986046234,1.1649856157498875,14.16203028770343
case_023,2,B,58216,122614,1523296,1351264,172032,3.2627496719997,600.0,64349,1234262,2.1061907379414593,1.9054530761938802,1.1053490449361,9.530839640087652
case_024,2,B,1334769,2555343,396848,396848,0,31.535097746000247,600.0,1340964,396056,1.914445870409037,1.905601492657521,1.0046412525313368,0.46198108226619405
case_025,2,B,2431840,4863026,27648,27648,0,88.66097199999967,600.0,3603622,78836736,1.9997310678334101,1.3494828258901739,1.4818499572340285,32.516784501815124
case_026,2,B,53208,99203,1301728,1129696,172032,3.6610707140007435,600.0,63064,1328084,1.8644376785445798,1.5730527717873906,1.1852353029619607,15.628567804135486
case_027,2,B,1118352,2363952,1449984,1449984,0,2.026265050000802,600.0,1257174,18014208,2.113781707369415,1.8803697817485885,1.1241308639855787,11.042385540903643
case_028,2,B,20615674,43836040,82416768,55850112,26566656,105.63203792199965,600.0,20674807,52622976,2.1263452264524556,2.1202635652173196,1.0028683515270953,0.2860147618306663
case_029,2,B,19740,37555,0,0,0,3.1610154869995313,600.0,21749,430838,1.9024822695035462,1.7267460572899904,1.1017730496453901,9.23720630833601
case_030,2,B,1403594,2808034,7644160,1950720,5693440,21.413627004001683,600.0,2300995,69258248,2.000602738398711,1.2203564110308802,1.6393593874012,39.00056280000609
case_031,2,B,732205,1414369,2139648,1731072,408576,25.372053520000918,600.0,973065,23628108,1.9316571178836528,1.4535195490537631,1.3289515914258985,24.752714361322216
case_032,2,B,17554,41443,6216,6216,0,3.101807001999987,600.0,22291,304162,2.3608864076563747,1.859180835314701,1.269853024951578,21.2507289937643
case_033,2,B,896676,1774196,3391008,2059296,1331712,9.555849827000202,600.0,1203746,30619788,1.9786366535961708,1.4738956557280356,1.3424536844969643,25.50953440343727
case_034,2,B,440418,842996,1459712,1238528,221184,11.775353767001434,600.0,589392,15773386,1.9140816224586643,1.4302806960393084,1.3382559295941583,25.27587751445557
case_035,2,B,95406,169571,0,0,0,10.723231855999984,600.0,124744,1442106,1.7773620107750037,1.359351952799333,1.3075068653963062,23.51856602321555
case_036,2,B,466068,931510,1152,1152,0,4.143315989000257,600.0,466068,1152,1.998656848356892,1.998656848356892,1.0,0.0
case_037,2,B,105374,210001,204800,204800,0,1.4515706749989477,600.0,140458,2949120,1.992910964754114,1.4951159777299976,1.3329474063810807,24.978285323726666
case_038,2,B,681518,1364555,6790656,2517504,4273152,11.046539709001081,600.0,914932,20953352,2.002228847954126,1.491427778239257,1.3424913208455242,25.51162272168861
case_039,2,B,708561,1435262,11067392,4202496,6864896,11.871783810000125,600.0,1088308,35975168,2.025601183243221,1.3188012952215733,1.535941153972629,34.893339017998585
case_040,2,B,140145,253454,2475470,2475470,0,21.59333698499904,600.0,148152,2206582,1.808512611937636,1.7107700199794806,1.0571336829712084,5.404584480803498
case_041,2,B,2992480,6003957,33490944,4893696,28597248,44.07007830300063,600.0,4481060,112796852,2.006348246270652,1.3398519546714394,1.4974402502272364,33.21937220211289
case_042,2,B,840916,1686740,7262496,2052384,5210112,22.20980130299995,600.0,1076059,25554784,2.0058364925866554,1.567516279311822,1.2796272160358466,21.852240444064876
case_043,2,B,350868,677656,9505206,9505206,0,26.559932207999736,600.0,409738,9686336,1.9313702018992898,1.6538763795400964,1.1677838959380735,14.36771790754091
case_044,2,B,45248,154407,930400,930400,0,3.085029112000484,600.0,45248,930400,3.4124602192362095,3.4124602192362095,1.0,0.0
case_045,2,B,63059,125614,0,0,0,1.3553644869989512,600.0,119837,5849088,1.99200748505368,1.0482071480427582,1.9003948682979432,47.37935695987049
case_046,2,B,109740,276455,930400,930400,0,2.042375049999464,600.0,109740,930400,2.5191817022052123,2.5191817022052123,1.0,0.0
case_047,2,B,166394,326508,3012550,3012550,0,40.07195203599986,600.0,218554,3065062,1.9622582545043692,1.4939465761322144,1.3134728415688066,23.86595532454222
case_048,2,B,125568,222220,391302,391302,0,8.45643478600141,600.0,140836,939142,1.7697183995922527,1.5778636144167684,1.1215914882772682,10.840978158993442
case_049,2,B,106107,196276,2803330,2803330,0,23.747452206998787,600.0,125002,2019594,1.8497931333465276,1.5701828770739668,1.1780749620665931,15.115758147869629
case_050,2,B,78327,149690,1958198,1896438,61760,37.87183358600032,600.0,106440,2217554,1.9110906839276367,1.4063322059376175,1.35891838063503,26.412063134160093
case_051,2,B,318674,607628,393884,393884,0,5.6707924689999345,600.0,322947,393900,1.9067385478576853,1.8815099691280612,1.013408687247783,1.3231273242977903
case_052,2,B,86843,180301,102912,102912,0,3.6534462680001525,600.0,107214,1808422,2.0761719424708955,1.6816926893875799,1.2345727347051576,19.00031712276382
case_053,2,B,728229,1472686,5317152,5317152,0,32.37639761600076,600.0,762216,9588100,2.022284199063756,1.9321111076125403,1.046670758786041,4.458972259831862
case_054,2,B,438618,815051,8276074,8276074,0,30.503870700000334,600.0,489567,7457606,1.8582251526385145,1.664840563191555,1.1161580236105222,10.406951448933444
case_055,2,B,56582,118835,852212,852212,0,3.3938494979993266,600.0,72961,742876,2.1002262203527624,1.6287468647633667,1.2894736842105263,22.44897959183674
case_056,2,B,147688,277285,3622398,3622398,0,63.472444629000165,600.0,178139,3229362,1.877505281404041,1.5565653787211111,1.2061846595525703,17.093954720751768
case_057,2,B,30025,59726,416890,416890,0,3.284045475000312,600.0,32724,519374,1.9892089925062448,1.8251436254736584,1.0898917568692756,8.247769221366585
case_058,2,B,2261085,4539717,30621696,6623232,23998464,106.54605152300064,600.0,4002121,139161600,2.0077604335971446,1.1343277726985266,1.7700002432460522,43.50283262300165
case_059,2,B,369318,829473,360448,360448,0,2.651263107998602,600.0,464377,10813440,2.2459587672412393,1.786206035182621,1.25739064979232,20.47022139339373
case_060,2,B,474073,888789,1255552,1198080,57472,19.675810131999242,600.0,688410,22088740,1.8747935444541242,1.2910750860678957,1.4521181337051468,31.135079385831123
case_061,2,B,39298,77191,34560,34560,0,2.374711632999606,600.0,50567,607590,1.9642475444042953,1.5265093835900885,1.2867575958064024,22.28528486957897
case_062,2,B,1572635,2854809,10856448,6678528,4177920,56.99854731300002,600.0,1587014,11037696,1.8153029787585804,1.7988555866551903,1.0091432532024278,0.906041156536741
case_063,2,B,575202,1070397,3323904,2497536,826368,40.748177371000565,600.0,583193,3369984,1.8609062555415314,1.835407832398537,1.0138925108049,1.370215348949666
case_064,2,B,13417,19116,95590,95590,0,4.514777041999878,600.0,19988,80614,1.424759633301036,0.9563738242945767,1.4897518074085117,32.87472483490094
case_065,2,B,22021,53068,13968,13968,0,1.9521505310003704,600.0,28306,446424,2.409881476772172,1.8747968628559315,1.2854093819535897,22.203773051649822
case_066,2,B,190462,359070,3937564,3937564,0,44.95297183100047,600.0,218219,4054296,1.8852579517174028,1.6454570866881435,1.1457351072654913,12.719790669006825
case_067,2,B,31418001,63834834,182202752,37964160,144238592,58.263189584999964,600.0,32171803,185485696,2.031791710745696,1.9841857790811412,1.023992678592123,2.343051771142579
case_068,2,B,200719,362095,3519186,3471050,48136,41.117762280000534,600.0,223709,3405346,1.8039896571824292,1.6185982682860323,1.1145382350450133,10.276743447961412
case_069,2,B,16133,25144,233732,233732,0,4.00168769999982,600.0,18065,566852,1.5585445980288848,1.3918627179629117,1.1197545403830658,10.694713534458899
case_070,2,B,58234,117300,129536,129536,0,3.9682853520007484,600.0,70948,934580,2.014287186179895,1.6533235609178554,1.218326063811519,17.92016688278739
case_071,2,B,12826,18919,208452,208452,0,3.508680603999892,600.0,15588,446178,1.4750506783096835,1.2136900179625352,1.2153438328395447,17.718758018988968
case_072,2,B,11836023,23897828,113724192,10948952,102775240,127.44667819200004,600.0,16924096,398341510,2.01907583315781,1.412059350171495,1.4298802900264727,30.064075505125942
case_073,2,B,5587533,10081626,91806080,3721600,88084480,18.10641204700005,600.0,5587533,91806080,1.8043071960380368,1.8043071960380368,1.0,0.0
case_074,2,B,803673,1682239,3747840,2285568,1462272,9.949480174999735,600.0,974405,18182702,2.093188398764174,1.7264268964137088,1.212439636518833,17.521667068621362
case_075,2,B,728185,1441809,7124774,7124774,0,39.30406261799908,600.0,806352,6335558,1.980003707848967,1.7880640216679564,1.107344974148053,9.693905391193924
case_076,2,B,3065214,6185113,31095808,4074496,27021312,107.38049244799913,600.0,5753379,178806804,2.017840516192344,1.0750400764489876,1.876990970287882,46.7232386394152
case_077,2,B,250735,495320,57344,57344,0,9.263786729001367,600.0,299078,4920500,1.9754721119907472,1.656156587913521,1.1928051528506192,16.164010726298827
case_078,2,B,1051374,2296143,2148480,2148480,0,2.9168802839994896,600.0,1051374,2148480,2.1839450091023744,2.1839450091023744,1.0,0.0
case_079,2,B,15446486,31052251,31780864,3649536,28131328,90.91032854900004,600.0,22640380,448720896,2.010311665708304,1.3715428362951505,1.4657301343490035,31.77461685713756
case_080,2,B,145926,292138,2191360,1904640,286720,1.6987352539999847,600.0,204280,6950912,2.0019598974822856,1.4300861562561191,1.3998876142702465,28.565694145290777
case_081,2,B,76860,151795,0,0,0,4.447923028999867,600.0,92893,2550686,1.9749544626593807,1.634084376648402,1.208600052042675,17.259642814851496
case_082,2,B,387499,721041,3234278,3234278,0,26.793325541999366,600.0,409309,2942566,1.860755769692309,1.761605535182466,1.0562840162168161,5.3284926546936395
case_083,2,B,433315,1057993,930400,930400,0,10.235603340001035,600.0,433315,930400,2.441625607237229,2.441625607237229,1.0,0.0
case_084,2,B,1168951,2507412,28717440,0,28717440,57.53013211799953,600.0,1168951,28717440,2.1450103554383375,2.1450103554383375,1.0,0.0
case_085,2,B,1810774,3187899,9335690,7981254,1354436,42.481449134000286,600.0,1892148,18970236,1.7605173257402635,1.6848042542126727,1.0449387941289194,4.300614962465943
case_086,2,B,67521,118403,1185860,1185860,0,24.96850249899944,600.0,80880,2291238,1.7535729624857452,1.4639342235410484,1.1978495579153152,16.517062314540055
case_087,2,B,1987606,3974071,10142208,2004480,8137728,116.17566215999977,600.0,2510504,54818496,1.999425942566082,1.5829773623144994,1.2630793024372033,20.828407363621015
case_088,2,B,134265,243623,2582030,2582030,0,16.423572208001133,600.0,152109,2562218,1.8144937250958924,1.6016343543117106,1.1329013518042677,11.731061278425337
case_089,2,B,329430,693092,238720,238720,0,13.425454136000553,600.0,329430,238720,2.103912819111799,2.103912819111799,1.0,0.0
case_090,2,B,454440,1178363,2341200,2341200,0,5.691755542000465,600.0,471917,2403840,2.5930001760408414,2.4969708656395087,1.0384583223307808,3.7034054717248965
case_091,2,B,4571759,9186769,57904096,6478336,51425760,104.55269392899936,600.0,7008343,183492696,2.0094604724352267,1.3108332454618732,1.5329642266794903,34.76690567228231
case_092,2,B,2162750,4815554,16642656,930400,15712256,54.79783685400071,600.0,2162750,16642656,2.2265883712865566,2.2265883712865566,1.0,0.0
case_093,2,B,37827,74205,8192,8192,0,1.1044478559997515,600.0,47279,847872,1.9616940280751844,1.56951289155862,1.249874428318397,19.991962604962033
case_094,2,B,48430,94892,106272,106272,0,1.5907357390005927,600.0,58322,1405220,1.9593640305595705,1.6270361098727752,1.2042535618418335,16.961009567573125
case_095,2,B,1042890,2084853,0,0,0,9.843260092000492,600.0,1343828,50214912,1.9991111238960964,1.5514284566179601,1.2885615932648697,22.39408614792965
case_096,2,B,41837,84194,719692,719692,0,2.995657339999525,600.0,49148,767672,2.0124291894734325,1.7130707251566697,1.1747496235389727,14.875478147635713
case_097,2,B,5617602,11491509,11796480,2555904,9240576,30.0341174339992,600.0,6121676,86114304,2.045625339780212,1.8771834706704504,1.089731169990327,8.23424826795799
case_098,2,B,89551,177430,0,0,0,3.7796227729995735,600.0,95143,1250410,1.9813290750522048,1.8648770797641445,1.062444863820616,5.877468652449469
case_099,2,B,811243,1622999,7319552,1904640,5414912,8.781581574001393,600.0,989497,18343952,2.0006323629294798,1.6402262967952403,1.2197294768645153,18.01460742175065
case_100,2,B,74200,151223,1161942,1126614,35328,2.9744733260013163,600.0,87762,1112764,2.038045822102426,1.723103393268157,1.18277628032345,15.453157402976236
case_001,3,B,78545,233110,2304,2304,0,1.0741800330015394,600.0,78545,2304,2.9678528232223567,2.9678528232223567,1.0,0.0
case_002,3,B,94149,261945,746496,746496,0,8.233609535000141,600.0,97067,801792,2.782238791702514,2.698599936126593,1.0309934253151918,3.0061709952919125
case_003,3,B,257302,602212,9518568,9518568,0,61.29094192699995,600.0,266269,6300084,2.3404870541231704,2.2616677119754836,1.0348500983280347,3.3676470035941097
case_004,3,B,134043,392357,221184,221184,0,1.5016912350001803,600.0,158619,3179520,2.927098020784375,2.4735813490187177,1.1833441507575928,15.493730259300587
case_005,3,B,52655,95618,1728714,1728714,0,31.9222371449996,600.0,68265,2755308,1.8159339094103124,1.40068849337142,1.2964580761561106,22.86676920823262
case_006,3,B,29782,82837,841742,841742,0,2.582287688001088,600.0,35166,966700,2.781445168222416,2.355599158277882,1.180780337116379,15.310242848205657
case_007,3,B,338094,1012562,55296,55296,0,7.9537138039995625,600.0,518832,10967040,2.994912657426633,1.951618250223579,1.5345791407123464,34.83555370524562
case_008,3,B,163359,487605,0,0,0,4.09287155399943,600.0,255966,10176768,2.984867684057811,1.904960033754483,1.5668925495381338,36.1794144534821
case_009,3,B,63747,153261,1616024,1616024,0,54.657215057999565,600.0,97358,1987566,2.4042072568120854,1.574200373877853,1.5272561846047656,34.52310031019537
case_010,3,B,30856,86969,48384,48384,0,3.150239505001082,600.0,32901,871032,2.8185442053409386,2.6433543053402633,1.0662756028001037,6.215616546609526
case_011,3,B,69625,184697,1081344,1081344,0,2.2577655219993176,600.0,74367,2916352,2.6527396768402154,2.483588150658222,1.0681077199281868,6.376484193257759
case_012,3,B,18114,59088,20160,20160,0,3.869444971000121,600.0,24011,590184,3.262007287181186,2.4608721002873684,1.3255492988848405,24.55957686060556
case_013,3,B,88351,263949,16384,16384,0,1.5972697230008635,600.0,133800,4046848,2.98750438591527,1.9727130044843049,1.514414098312413,33.96786248131539
case_014,3,B,5924867,17698626,46130856,19786416,26344440,247.59586818500065,600.0,9838581,326760660,2.987176927347061,1.7989002682399016,1.6605572749565518,39.77925271947246
case_015,3,B,58906,177362,208128,208128,0,3.5786217149998265,600.0,95135,2625296,3.0109326723933045,1.8643191254533031,1.615030726920857,38.08167341146791
case_016,3,B,2876720,7715523,12200,12200,0,46.05662626399862,600.0,2890756,17080,2.682055604994577,2.6690329450150756,1.0048791679412665,0.4855477252317386
case_017,3,B,52489,162810,175104,175104,0,4.17040499200084,600.0,64247,1375956,3.1017927565775687,2.5341261070555823,1.2240088399474176,18.301243637835228
case_018,3,B,334784,1004367,12853772,12853772,0,12.104989659000239,600.0,463977,14646408,3.0000448050086024,2.164691353235182,1.3858995650927164,27.84469919845165
case_019,3,B,28195,81144,24576,24576,0,3.139675069000077,600.0,33302,934704,2.8779570845894664,2.4366104137889617,1.1811314062777087,15.335415290372955
case_020,3,B,177950,532746,0,0,0,6.17905952000001,600.0,603437,31797248,2.993796010115201,0.88285272530521,3.3910480472042708,70.51059182648727
case_021,3,B,2106848,6567937,4710400,4710400,0,10.078770303000056,600.0,3169234,88948736,3.1174232787557528,2.072405193179172,1.5042537477786722,33.5218541767506
case_022,3,B,19370,56780,13824,13824,0,4.350275065999995,600.0,31878,1140502,2.9313371192565825,1.7811656942091725,1.6457408363448631,39.23709141100446
case_023,3,B,41720,122614,196896,196896,0,4.7411730169988004,600.0,51188,2076094,2.938974113135187,2.3953661014300227,1.226941514860978,18.496522622489643
case_024,3,B,953408,2555343,4040,4040,0,36.12667388299997,600.0,959488,5656,2.6802198009666376,2.6632360175426895,1.006377122910653,0.6336712913553866
case_025,3,B,1622164,4863026,55296,55296,0,97.03778407199934,600.0,2899402,75816960,2.9978633479722148,1.6772513780427827,1.787366752066992,44.05177343465998
case_026,3,B,41132,99203,1491816,1491816,0,3.6786297130001913,600.0,53531,1624484,2.4118204804045513,1.8531878724477406,1.3014441310901488,23.162279800489436
case_027,3,B,765280,2363952,33890304,33890304,0,5.157937207000941,600.0,892349,18006016,3.0890027179594397,2.649133915093758,1.1660424942504704,14.239832173286459
case_028,3,B,13848390,43836040,34820352,4296960,30523392,76.00280490899968,600.0,13848390,34820352,3.1654250060837397,3.1654250060837397,1.0,0.0
case_029,3,B,12743,37555,0,0,0,0.9921993190000649,600.0,15381,173194,2.9471082162756024,2.4416487874650543,1.2070156164168564,17.151030492165663
case_030,3,B,933857,2808034,9242624,3901440,5341184,12.784469625001293,600.0,1756441,73541636,3.0069207598165457,1.5987067029293895,1.8808457825984064,46.83242989659203
case_031,3,B,483567,1414369,3462144,3462144,0,25.460342381999,600.0,735155,24998544,2.924866667907446,1.923905842985493,1.520275370320969,34.222442886194074
case_032,3,B,11808,41443,12360,12360,0,2.2699092899993047,600.0,20424,453024,3.509739159891599,2.0291323932628282,1.7296747967479675,42.18566392479436
case_033,3,B,602408,1774196,4180032,3952704,227328,9.363810917000592,600.0,915091,29208288,2.9451733708715686,1.9388191994020267,1.5190551918301218,34.16960717567979
case_034,3,B,280681,842996,2341888,2341888,0,11.43206309299967,600.0,443888,17925682,3.0033953135409948,1.8991186966081535,1.5814679297850585,36.76760804527268
case_035,3,B,71961,169571,1735510,1735510,0,36.52278991200001,600.0,102972,1416910,2.3564291769152734,1.6467680534514237,1.4309417601200651,30.115953851532453
case_036,3,B,311345,931510,2304,2304,0,3.626705763001155,600.0,311345,2304,2.991890025534375,2.991890025534375,1.0,0.0
case_037,3,B,74038,210001,1064960,1064960,0,1.8562664349992701,600.0,110438,4726784,2.836394824279424,1.901528459407088,1.4916394284016317,32.95966967891487
case_038,3,B,459530,1364555,5534208,4932096,602112,27.925475694999477,600.0,696295,23067392,2.9694579244010186,1.9597368931271946,1.5152329554109634,34.00354734702964
case_039,3,B,483806,1435262,12414976,8404992,4009984,15.850969379999697,600.0,875417,45015040,2.9666064496926454,1.6395180810973513,1.8094380805529489,44.73422380419846
case_040,3,B,105923,253454,3308532,3308532,0,14.366274512000018,600.0,133160,3177048,2.392813647649708,1.9033793932111744,1.2571396202902108,20.45434064283569
case_041,3,B,1991992,6003957,34879488,9787392,25092096,43.81334360099936,600.0,3296855,117559596,3.014046743159611,1.8211164882895972,1.6550543375676208,39.57902303862318
case_042,3,B,571947,1686740,8251680,3950880,4300800,22.842996902999403,600.0,791066,29103636,2.9491194114139945,2.1322367539497336,1.3831106728420641,27.699205881683696
case_043,3,B,267919,677656,7959640,7959640,0,82.09427593500004,600.0,328781,11729220,2.529331626349755,2.061116670367205,1.2271656732072007,18.511410330888957
case_044,3,B,45248,154407,930400,930400,0,3.855666751998797,600.0,55088,1860800,3.4124602192362095,2.802915335463259,1.2174681753889676,17.86232936392681
case_045,3,B,42601,125614,0,0,0,0.9267364770003041,600.0,127332,6946816,2.94861622966597,0.98650771212264,2.98894392150419,66.54336694625074
case_046,3,B,82826,276455,1860800,1860800,0,1.854505433999293,600.0,82826,1860800,3.3377804071185375,3.3377804071185375,1.0,0.0
case_047,3,B,136827,326508,4387628,4387628,0,67.38862788799997,600.0,172291,4056620,2.3862834089762988,1.8950960874334701,1.259188610435075,20.583779767950737
case_048,3,B,99835,222220,1016076,1016076,0,11.234658608000245,600.0,124234,1187436,2.2258726899383983,1.7887212840285267,1.24439324886062,19.639551169567106
case_049,3,B,84225,196276,3516344,3516344,0,28.214468991000103,600.0,106920,3555408,2.33037696645889,1.835727646838758,1.2694568121104186,21.226150392817054
case_050,3,B,67318,149690,1393486,1393486,0,42.72497287599981,600.0,86509,2347544,2.223625181972132,1.7303401958177762,1.285079770640839,22.183819024610152
case_051,3,B,227452,607628,960,960,0,6.126611796998986,600.0,230529,1344,2.6714559555422683,2.6357985329394564,1.0135281290118354,1.3347561478165404
case_052,3,B,62309,180301,181248,181248,0,3.724802511999769,600.0,74776,2173254,2.893659021971144,2.411214828287151,1.200083455038598,16.672461752433932
case_053,3,B,497437,1472686,7442990,7442990,0,38.675753962999806,600.0,543113,10943004,2.9605477678580403,2.711564628355425,1.0918226830734343,8.410036217140815
case_054,3,B,316491,815051,6482640,6482640,0,44.31787728400013,600.0,370381,12088980,2.5752738624479052,2.2005745435106014,1.1702734042990164,14.549882418374594
case_055,3,B,40063,118835,115712,115712,0,4.90886687999955,600.0,54439,947756,2.966203229912887,2.1829019636657545,1.3588348351346629,26.40753871305498
case_056,3,B,117225,277285,1870000,1870000,0,65.9044272150004,600.0,150136,3976046,2.365408402644487,1.8468921511163212,1.2807506931115376,21.92079181542068
case_057,3,B,23294,59726,549116,549116,0,5.534389295000437,600.0,26021,732428,2.564007899029793,2.295299950040352,1.1170687730746114,10.479996925560119
case_058,3,B,1554831,4539717,30400512,9191424,21209088,55.37706170099955,600.0,3103080,129232896,2.9197494775959574,1.4629713059283036,1.9957667424948435,49.89394408136432
case_059,3,B,254073,829473,2162688,2162688,0,6.861488086000463,600.0,339186,13500416,3.2647034513702753,2.4454812403813837,1.334994273299406,25.093311634324532
case_060,3,B,323843,888789,3290252,2345088,945164,12.111047565000263,600.0,543619,21497708,2.7445058253536434,1.6349483737691288,1.6786498395827607,40.42831468362953
case_061,3,B,28342,77191,43008,43008,0,2.448117480000292,600.0,38270,858686,2.723555147837132,2.0170107133524953,1.3502928515983346,25.94199111575647
case_062,3,B,1083992,2854809,10865664,8871936,1993728,55.04815087799943,600.0,1086140,10561536,2.6336070745909566,2.628398733128326,1.00198156443959,0.19776456073802295
case_063,3,B,396695,1070397,3133440,2641920,491520,40.71859351400053,600.0,401307,3563520,2.69828709714012,2.6672771718410093,1.0116260603234222,1.149244842477204
case_064,3,B,14105,19116,126220,126220,0,5.54986568700042,600.0,20998,160076,1.3552640907479616,0.9103724164206115,1.4886919532080822,32.82693589865702
case_065,3,B,16963,53068,27936,27936,0,2.892269113999646,600.0,22390,633600,3.128456051406001,2.3701652523447967,1.3199316158698344,24.238499330058062
case_066,3,B,139098,359070,3077354,3077354,0,54.533341243000905,600.0,171754,4422188,2.581417417935556,2.0906063323124933,1.234769730693468,19.01323986632043
case_067,3,B,21034535,63834834,187518720,50977536,136541184,55.15772139099954,600.0,23066543,180458240,3.03476325956338,2.767420935161372,1.0966034190915084,8.80933046620813
case_068,3,B,167916,362095,3536102,3536102,0,50.87631394300115,600.0,184542,4231260,2.1564055837442533,1.9621278624920073,1.099013792610591,9.009331209155636
case_069,3,B,14920,25144,489770,489770,0,5.452087973999369,600.0,19803,770828,1.685254691689008,1.2697066101095793,1.3272788203753352,24.657880119173857
case_070,3,B,43439,117300,1523108,1523108,0,4.105548785999417,600.0,59471,1430332,2.700338405580239,1.9723899043231155,1.369069269550404,26.957676850902125
case_071,3,B,10782,18919,235082,235082,0,4.299082114001067,600.0,14256,502924,1.7546837321461695,1.3270903479236813,1.32220367278798,24.368686868686872
case_072,3,B,7961454,23897828,82414368,19804504,62609864,121.06027590899976,600.0,12490842,370561692,3.0016913995860555,1.913227947323327,1.5689146731237786,36.26167075045862
case_073,3,B,4300595,10081626,93164288,7443200,85721088,24.454574297000363,600.0,4300595,93164288,2.3442398086776364,2.3442398086776364,1.0,0.0
case_074,3,B,537857,1682239,4923392,4571136,352256,10.25002831599977,600.0,729374,24343292,3.1276696222230074,2.3064148159928926,1.3560741981604776,26.257722375626223
case_075,3,B,526421,1441809,12146060,12146060,0,45.69514007899852,600.0,647669,8901868,2.7388895959697654,2.2261510123226524,1.2303251580009156,18.72067367744944
case_076,3,B,2050028,6185113,34332672,8148992,26183680,62.52258843799973,600.0,4239480,181737508,3.017087083688613,1.4589319916593544,2.068010778389368,51.644352609282265
case_077,3,B,178739,495320,114688,114688,0,9.666051256999708,600.0,244661,7064928,2.771191513883372,2.0245155541749607,1.3688171020314537,26.944220778955376
case_078,3,B,720770,2296143,8054016,8054016,0,3.166165386001012,600.0,778605,5278464,3.18568059158955,2.9490473346562123,1.0802405760506126,7.428028332723269
case_079,3,B,10140755,31052251,33890304,11624448,22265856,94.2154733569987,600.0,16407417,450080768,3.062124171227882,1.8925740108878808,1.617967991535147,38.1940801528967
case_080,3,B,100325,292138,3047424,3047424,0,1.8457645760008745,600.0,158999,7372800,2.9119162721156244,1.8373574676570292,1.5848392723648144,36.90211888125082
case_081,3,B,51943,151795,0,0,0,2.879223825999361,600.0,90776,3232682,2.9223379473653814,1.6721930906847624,1.7476079548736114,42.77892835110602
case_082,3,B,263881,721041,2788460,2788460,0,30.921482428000672,600.0,288816,4320396,2.732447580538197,2.496541050357321,1.094493351169656,8.633524458478758
case_083,3,B,298003,1057993,1860800,1860800,0,10.066036706000887,600.0,298003,1860800,3.5502763394999377,3.5502763394999377,1.0,0.0
case_084,3,B,836220,2507412,0,0,0,74.931089488,600.0,933609,27980928,2.998507569778288,2.6857196106721335,1.1164633708832603,10.43145470962683
case_085,3,B,1228758,3187899,29372396,29372396,0,38.812239931001386,600.0,1294943,22528236,2.5944075236946573,2.461806427001034,1.0538633319172692,5.111035775319839
case_086,3,B,60328,118403,1851498,1851498,0,35.53752121400066,600.0,77896,2992556,1.9626541572735712,1.520013864640033,1.2912080625911684,22.55314778679265
case_087,3,B,1371815,3974071,5465088,4008960,1456128,119.00865952099957,600.0,1896442,58023088,2.8969438298895986,2.095540491088048,1.382432762435168,27.66375138285273
case_088,3,B,117498,243623,2337262,2337262,0,22.95729730200037,600.0,130514,3277588,2.073422526340874,1.8666426590250855,1.1107763536400619,9.972876473022051
case_089,3,B,229298,693092,477440,477440,0,12.59349360699889,600.0,229212,1684736,3.022669190311298,3.0238032912761983,0.9996249422149343,-0.03751985061863916
case_090,3,B,337795,1178363,4490496,4490496,0,3.867200934999346,600.0,349305,4601088,3.488396808715345,3.3734501367000185,1.0340739205731286,3.295114584675285
case_091,3,B,3053553,9186769,33286976,12956672,20330304,141.7044793799996,600.0,5385454,198408796,3.0085506948790472,1.705848569127134,1.7636680941840537,43.299989193111664
case_092,3,B,1418789,4815554,10675392,1860800,8814592,55.563827981999566,600.0,1418789,10675392,3.3941297825117056,3.3941297825117056,1.0,0.0
case_093,3,B,25103,74205,16384,16384,0,0.8447756999994454,600.0,35623,1146880,2.956021192686133,2.0830643123824495,1.4190734175198183,29.53148246919125
case_094,3,B,35024,94892,737860,737860,0,2.5660642009988806,600.0,46676,1900364,2.709342165372316,2.032993401319736,1.3326861580630425,24.96357871282886
case_095,3,B,695775,2084853,0,0,0,14.533554228000867,600.0,1183800,49598208,2.9964471273040854,1.7611530663963508,1.7014120944270776,41.22529143436391
case_096,3,B,30611,84194,67392,67392,0,3.6498156300003757,600.0,39941,929312,2.7504491849335206,2.1079592398788214,1.3047923948907256,23.359455196414714
case_097,3,B,3660459,11491509,16031744,8519680,7512064,37.789633594000406,600.0,4203338,94699520,3.1393628503966307,2.7339007712441874,1.148308996221512,12.915425787790557
case_098,3,B,65715,177430,852966,852966,0,5.795283287001439,600.0,74257,1576256,2.6999923913870503,2.389404365918365,1.1299855436353952,11.50329261887768
case_099,3,B,544403,1622999,8798208,3809280,4988928,9.20913406299951,600.0,670357,15384588,2.981245511137889,2.4210965202123647,1.2313616934513587,18.78909297583228
case_100,3,B,54371,151223,1640268,1640268,0,3.5690833930002555,600.0,69433,1779024,2.7813172463261666,2.177970129477338,1.277022677530301,21.69285498250112
case_001,4,B,58984,233110,3456,3456,0,1.0626039419985318,600.0,58984,3456,3.952088702020887,3.952088702020887,1.0,0.0
case_002,4,B,73120,261945,841728,841728,0,7.474435724000614,600.0,75104,755712,3.582398796498906,3.487763634426928,1.0271334792122537,2.641670217298675
case_003,4,B,234056,602212,7733990,7733990,0,91.44844374199965,600.0,249034,8939754,2.5729398092764124,2.4181918934763926,1.06399323238883,6.0144397953693085
case_004,4,B,104188,392357,331776,331776,0,1.836510654000449,600.0,116231,2651136,3.765855952700887,3.375665700200463,1.1155891273467193,10.361263346267346
case_005,4,B,52655,95618,1728714,1728714,0,35.39470796900059,600.0,67722,2949042,1.8159339094103124,1.411919317208588,1.2861456651789953,22.248309264345412
case_006,4,B,26251,82837,913168,913168,0,3.2368859090001934,600.0,31644,986836,3.155575025713306,2.617779041840475,1.2054397927697993,17.042725319175833
case_007,4,B,254398,1012562,82944,82944,0,6.838092978001441,600.0,368809,11172864,3.980227831979811,2.745491568806618,1.4497323092162675,31.021748384665237
case_008,4,B,123060,487605,0,0,0,4.160332502000529,600.0,233922,9560064,3.962335446123842,2.0844768769076873,1.9008776206728426,47.39272065047323
case_009,4,B,55563,153261,1890898,1890898,0,57.64911148799911,600.0,93153,2052928,2.7583283839965445,1.6452610221893014,1.676529345067761,40.35296769830279
case_010,4,B,26147,86969,778932,778932,0,3.920361178999883,600.0,33005,1242016,3.3261559643553755,2.635024996212695,1.2622863043561403,20.778669898500223
case_011,4,B,46880,184697,540672,540672,0,1.0764381509998202,600.0,61342,2342912,3.9397824232081913,3.0109386717094324,1.3084897610921502,23.576016432460634
case_012,4,B,14886,59088,21888,21888,0,3.226796634000493,600.0,23436,700326,3.969367190648932,2.5212493599590373,1.5743651753325272,36.48233486943164
case_013,4,B,66982,263949,24576,24576,0,1.5455565779993776,600.0,120708,4534272,3.9405959810098237,2.1866736256089077,1.8020960855155117,44.50906319382311
case_014,4,B,4428315,17698626,48577944,29628936,18949008,78.42383864599833,600.0,8274662,344118824,3.996695357037609,2.1388941324733266,1.868580261340939,46.483433401871885
case_015,4,B,51503,177362,231168,231168,0,3.6320943729988358,600.0,73817,2285728,3.443721724948061,2.402725659400951,1.4332563151661069,30.228809081918794
case_016,4,B,2238959,7715523,15864,15864,0,45.8978533849986,600.0,2256753,18304,3.4460313922675674,3.4188601942702634,1.0079474434324165,0.7884779592627122
case_017,4,B,42924,162810,260352,260352,0,7.4749620179991325,600.0,50549,1325188,3.7929829466032987,3.2208352291835642,1.1776395489702731,15.08437357811233
case_018,4,B,255853,1004367,3755776,3755776,0,12.219192890000159,600.0,368181,13437580,3.925562725471267,2.7279164324068867,1.439033351182124,30.508907303744625
case_019,4,B,21744,81144,359504,359504,0,3.5036924249998265,600.0,29879,1257828,3.7317880794701987,2.715753539275076,1.374126195732156,27.226480136550755
case_020,4,B,133704,532746,0,0,0,5.8540012280000155,600.0,581840,31559680,3.984518039849219,0.9156228516430633,4.3517022676958055,77.02048673174757
case_021,4,B,1550324,6567937,4608000,4608000,0,6.418741950999902,600.0,2589551,84946944,4.236493145948847,2.536322706137087,1.6703289118919658,40.13155176322073
case_022,4,B,14574,56780,13824,13824,0,4.2963907090006614,600.0,33843,1421102,3.8959791409359132,1.677747244629613,2.322149032523672,56.93644180480454
case_023,4,B,30522,122614,207552,207552,0,4.110532988999694,600.0,48262,2041864,4.0172334709389945,2.540590941113091,1.5812201035318787,36.75769756744437
case_024,4,B,743027,2555343,5256,5256,0,41.37951550099933,600.0,750621,6064,3.439098444605647,3.4043052352652006,1.0102203553841247,1.0116956493356866
case_025,4,B,1217444,4863026,82944,82944,0,61.69989950099989,600.0,2224464,75801600,3.9944555971362954,2.1861563055189923,1.8271591958233808,45.27023139057319
case_026,4,B,35520,99203,724704,724704,0,5.034562969000035,600.0,52684,2025956,2.7928772522522523,1.8829815503758256,1.4832207207207206,32.57915116543922
case_027,4,B,559196,2363952,3317760,3317760,0,2.077347524000288,600.0,766160,18063360,4.227412213249022,3.085454735303331,1.370109943561828,27.01315652083116
case_028,4,B,10250099,43836040,31777152,15212928,16564224,93.69881277099921,600.0,10314234,39729024,4.2766455231310445,4.250052888076807,1.0062570127371453,0.6218105968896936
case_029,4,B,11028,37555,0,0,0,1.8164049909992173,600.0,15589,259414,3.405422560754443,2.409070498428379,1.4135836053681539,29.2578099942267
case_030,4,B,700342,2808034,10404864,5819392,4585472,12.707519300000058,600.0,1482041,68476940,4.009518206818954,1.8947073663953966,2.116167529578406,52.74476212196559
case_031,4,B,394466,1414369,4922880,4922880,0,26.609279088999756,600.0,651878,27723446,3.5855282838064624,2.1696835911014025,1.6525581418930908,39.487756911569335
case_032,4,B,11164,41443,12360,12360,0,2.9115306490002695,600.0,20857,486920,3.7121999283410965,1.9870067603202761,1.868237190970978,46.47360598360263
case_033,4,B,457602,1774196,5251680,5224032,27648,5.797643865000282,600.0,790322,36925708,3.8771596277988296,2.244902710540767,1.727094724236345,42.09929623621764
case_034,4,B,252538,842996,2979328,2979328,0,10.567482381000445,600.0,390787,17473670,3.33809565293144,2.1571751363274623,1.5474384053093,35.37707242052576
case_035,4,B,56936,169571,1675904,1675904,0,43.505945376000454,600.0,90500,2128038,2.9782738513418576,1.8737127071823205,1.5895040044962765,37.08729281767956
case_036,4,B,233584,931510,3456,3456,0,3.476689343000544,600.0,233584,3456,3.987901568600589,3.987901568600589,1.0,0.0
case_037,4,B,53320,210001,614400,614400,0,0.9966903570002614,600.0,95913,4423680,3.938503375843961,2.189494646189776,1.7988184546136534,44.40795304077654
case_038,4,B,344898,1364555,6950400,6514176,436224,22.350752382999417,600.0,605470,25171592,3.9564016027927096,2.253711992336532,1.7555045259757958,43.036318892760995
case_039,4,B,381106,1435262,13320192,12607488,712704,15.543215941999733,600.0,756130,38998016,3.7660440927196106,1.8981683043921018,1.9840411853919906,49.59782048060518
case_040,4,B,95952,253454,2473682,2473682,0,29.108022128999437,600.0,121520,3263990,2.6414665666166415,2.085697827518104,1.2664665666166417,21.04015799868334
case_041,4,B,1490603,6003957,39164928,14349312,24815616,27.66531326200129,600.0,2846547,120348008,4.027871270888358,2.1092070498045525,1.9096613920675056,47.63469565055487
case_042,4,B,435949,1686740,7059744,6002976,1056768,19.649561553999774,600.0,627710,23949332,3.8691223055907917,2.6871325930764205,1.4398702600533548,30.549298242819134
case_043,4,B,240597,677656,9832918,9832918,0,78.14197187100035,600.0,321817,14333288,2.8165604724913447,2.105718467327705,1.3375769440184209,25.23794578906645
case_044,4,B,45248,154407,930400,930400,0,4.144352941000761,600.0,67839,2791200,3.4124602192362095,2.2760801308981558,1.4992706859971712,33.30090361001784
case_045,4,B,31878,125614,0,0,0,0.9143926409997221,600.0,99494,5033984,3.940460505677897,1.2625283936719802,3.121086642825773,67.95987697750618
case_046,4,B,79918,276455,2791200,2791200,0,3.045638683001016,600.0,79918,2791200,3.4592332140443953,3.4592332140443953,1.0,0.0
case_047,4,B,125959,326508,5012946,5012946,0,86.07546112600085,600.0,158075,4774994,2.5921768194412467,2.0655258579788076,1.2549718559213712,20.31693816226475
case_048,4,B,97813,222220,1114512,1114512,0,12.588647286000196,600.0,118604,1298448,2.271886150102747,1.873629894438636,1.2125586578471164,17.529762908502246
case_049,4,B,70510,196276,1739398,1739398,0,32.779782550000164,600.0,94031,3352050,2.7836618919302225,2.087354170433155,1.333583888810098,25.014091097616742
case_050,4,B,59891,149690,1620642,1620642,0,44.118891715000245,600.0,83140,2812102,2.4993738625169057,1.8004570603800818,1.3881885425189093,27.96367572768824
case_051,4,B,178386,607628,1252,1252,0,7.5282935589984845,600.0,182130,1444,3.4062538540019958,3.3362323615000276,1.020988194140796,2.055674518201289
case_052,4,B,45500,180301,259584,259584,0,3.6057305330004965,600.0,65663,2637052,3.9626593406593407,2.745853829401642,1.443142857142857,30.706790734508015
case_053,4,B,425404,1472686,11152366,11152366,0,63.51665278700057,600.0,485759,15707000,3.4618527329315194,3.0317214915215156,1.1418768981955976,12.42488559141467
case_054,4,B,262542,815051,7592222,7592222,0,46.361679489999005,600.0,315963,11897118,3.104459476959877,2.5795773555764443,1.2034760152661288,16.907359406006396
case_055,4,B,31823,118835,115712,115712,0,3.741667687001609,600.0,45738,1315538,3.7342488137510608,2.598167825440553,1.4372623574144487,30.423280423280417
case_056,4,B,104605,277285,3214102,3214102,0,81.80637213400041,600.0,124010,4739718,2.650781511400029,2.2359890331424883,1.1855073849242388,15.647931618417864
case_057,4,B,20957,59726,288,288,0,4.457389871000487,600.0,24485,951132,2.8499308107076393,2.439289360833163,1.1683447058262155,14.408821727588316
case_058,4,B,1141608,4539717,32284672,19869696,12414976,56.27308753299985,600.0,2996915,158986240,3.976598797485652,1.5147967159562417,2.6251699357397635,61.907227932724155
case_059,4,B,185216,829473,1081344,1081344,0,2.8085098960000323,600.0,263047,9551872,4.478408992743607,3.153326211665596,1.420217475812025,29.588248487912804
case_060,4,B,240113,888789,3131648,3123456,8192,11.83323913499953,600.0,511847,26177360,3.701544689375419,1.7364349112137025,2.1316921616072433,53.08891133483248
case_061,4,B,26678,77191,62208,62208,0,4.096218186001352,600.0,34147,1151026,2.893432791063798,2.260549975107623,1.2799685133818128,21.87307816206402
case_062,4,B,838854,2854809,10054656,8165376,1889280,51.00634814499972,600.0,843402,10644480,3.40322511426303,3.384873405564606,1.0054216824381834,0.5392446306743404
case_063,4,B,313176,1070397,3538944,3443712,95232,41.944637578000766,600.0,313678,3757056,3.4178768488006743,3.4124069906082033,1.0016029325363374,0.16003672555933157
case_064,4,B,10614,19116,152784,152784,0,5.687829589000103,600.0,19744,254322,1.801017524024873,0.968192868719611,1.8601846617674769,46.24189627228525
case_065,4,B,11769,53068,41760,41760,0,2.7580015559997264,600.0,21947,761776,4.5091341660293995,2.4180070169043604,1.8648143427648909,46.37535881897298
case_066,4,B,123721,359070,3938934,3938934,0,54.395401413999934,600.0,165830,6673392,2.9022558821865325,2.165289754567931,1.340354507318887,25.392872218537054
case_067,4,B,16152614,63834834,154190976,58049664,96141312,55.02964189600061,600.0,17926926,177872000,3.9519816421044918,3.5608354717367607,1.1098467405956707,9.897469315151962
case_068,4,B,147382,362095,4076226,4076226,0,59.22371947300053,600.0,188645,5912270,2.4568468333989224,1.9194518805163137,1.2799731310472107,21.873360014842692
case_069,4,B,14483,25144,503470,503470,0,6.612040723999598,600.0,17676,675470,1.736104398260029,1.4224937768725956,1.220465373196161,18.064041638379724
case_070,4,B,34658,117300,360960,360960,0,6.388745270000072,600.0,55042,1510244,3.384499971146633,2.131099887358744,1.58814703675919,37.033538025507795
case_071,4,B,10331,18919,329486,329486,0,5.204799515000559,600.0,16032,562832,1.8312844835930695,1.1800773453093811,1.5518342851611655,35.56012974051897
case_072,4,B,5911772,23897828,85994272,28660056,57334216,121.54685129300015,600.0,10402844,424781414,4.042413679011978,2.297239870173964,1.7596828835753475,43.17157884901475
case_073,4,B,2507770,10081626,44120192,17933440,26186752,31.59899599899836,600.0,3619516,94522496,4.02015575591063,2.7853519641852666,1.443320559700451,30.715322159095304
case_074,4,B,406099,1682239,6230016,6217728,12288,8.270775455999683,600.0,587662,22295366,4.14243571148907,2.8625961862431124,1.4470904877874606,30.895821067212104
case_075,4,B,425508,1441809,12171570,12171570,0,51.98926254399885,600.0,462195,8222866,3.3884415804168193,3.119482036802648,1.0862192955244085,7.937558822574886
case_076,4,B,1540201,6185113,37442560,12223488,25219072,62.29176044899941,600.0,3727474,185330712,4.015783004945458,1.659330957103926,2.4201217892989293,58.67976543900776
case_077,4,B,144734,495320,172032,172032,0,14.330066833001183,600.0,207817,7621128,3.4222781101883455,2.3834431254420956,1.4358547404203574,30.355072010470753
case_078,4,B,568228,2296143,6445440,6445440,0,2.7451454549991468,600.0,568228,6445440,4.040883237010496,4.040883237010496,1.0,0.0
case_079,4,B,7635624,31052251,30445568,10948608,19496960,87.06153818500024,600.0,13935010,448319488,4.066760097144647,2.2283623047274457,1.8249995023327497,45.205464509892714
case_080,4,B,100325,292138,3047424,3047424,0,2.8096608279993234,600.0,199856,9916416,2.9119162721156244,1.4617424545672884,1.9920857214054324,49.80135697702346
case_081,4,B,39588,151795,0,0,0,5.972354067000197,600.0,76943,1910606,3.834369000707285,1.9728240385740092,1.943594018389411,48.5489258282105
case_082,4,B,217255,721041,6970608,6970608,0,39.89029755999945,600.0,238733,5387186,3.31886953119606,3.02028207244076,1.0988607857126418,8.996661542392548
case_083,4,B,219344,1057993,2791200,2791200,0,8.03856148199884,600.0,219344,2791200,4.82344171712014,4.82344171712014,1.0,0.0
case_084,4,B,629028,2507412,0,0,0,65.60966349699993,600.0,833133,27244416,3.986169137144928,3.00961791214608,1.3244768118430341,24.498489436860627
case_085,4,B,938020,3187899,29385842,29385842,0,68.54220130600152,600.0,992239,25015282,3.398540542845568,3.212833803146218,1.0578015394128057,5.464308498254955
case_086,4,B,55557,118403,2269390,2269390,0,41.881520678000015,600.0,75480,3338706,2.1311985888366904,1.5686671966083732,1.3586046762784167,26.395071542130367
case_087,4,B,1069325,3974071,7133184,5806080,1327104,102.92578668299939,600.0,1647696,71681848,3.7164295232974074,2.411895762325089,1.5408748509573797,35.10180275973238
case_088,4,B,98539,243623,2683862,2683862,0,24.076268641998468,600.0,134766,4597598,2.4723510488233087,1.8077482451063325,1.3676412384944032,26.881409257527867
case_089,4,B,165616,693092,716160,716160,0,11.145162625000012,600.0,165616,716160,4.184933822819051,4.184933822819051,1.0,0.0
case_090,4,B,295164,1178363,6514560,6514560,0,6.2737993269984145,600.0,313018,6764928,3.99223143743817,3.764521529113342,1.0604884064452305,5.7038253391178735
case_091,4,B,2290698,9186769,35909280,19435008,16474272,64.79457056399951,600.0,4557014,205513020,4.010467115263557,2.015962426272994,1.9893560827311152,49.73247832901105
case_092,4,B,1033609,4815554,6788896,2791200,3997696,47.609426352999435,600.0,1033609,6788896,4.658970655247778,4.658970655247778,1.0,0.0
case_093,4,B,19779,74205,24576,24576,0,1.4317526389986597,600.0,33942,1269760,3.751706355225239,2.1862294502386423,1.7160624905202488,41.72706381474279
case_094,4,B,27182,94892,318816,318816,0,2.2742991520008218,600.0,46751,2178924,3.490986682363329,2.0297319843425807,1.7199249503347804,41.857928172659406
case_095,4,B,524422,2084853,0,0,0,12.764887694000208,600.0,1101112,48981504,3.9755254356224565,1.8934068468965919,2.099667824767077,52.373418871104846
case_096,4,B,26984,84194,78336,78336,0,4.55485582700021,600.0,34203,1236464,3.120145271271865,2.4615969359412917,1.2675289060183812,21.10633570154665
case_097,4,B,2626908,11491509,14221312,7667712,6553600,11.804492270000992,600.0,3255160,83386368,4.37453805005733,3.5302439818626428,1.239160259894903,19.300188009191565
case_098,4,B,52186,177430,1249322,1249322,0,6.903164141998786,600.0,61580,1545466,3.3999540106541986,2.881292627476453,1.1800099643582571,15.254952906787922
case_099,4,B,405655,1622999,9764864,5652480,4112384,9.315356568000425,600.0,603644,24188944,4.000934291454561,2.6886691493661825,1.4880723767733666,32.79896760342188
case_100,4,B,50324,151223,1961860,1961860,0,6.061782721999407,600.0,67306,1993240,3.0049876798346715,2.246798205212017,1.3374533025991575,25.231034380292993
case_001,5,B,47502,233110,4608,4608,0,1.0006659240000033,600.0,47502,4608,4.9073723211654245,4.9073723211654245,1.0,0.0
case_002,5,B,59575,261945,872448,872448,0,8.244855432999984,600.0,62539,967680,4.396894670583299,4.188506372023857,1.0497524129248845,4.739442587825193
case_003,5,B,232588,602212,9723996,9723996,0,79.790540806,600.0,259650,10784224,2.5891791493972174,2.319322164452147,1.1163516604467987,10.422491815906032
case_004,5,B,88341,392357,442368,442368,0,2.6089799779999794,600.0,92812,2417664,4.441391879195391,4.227438262293669,1.0506107017126816,4.81726500883507
case_005,5,B,52655,95618,1728714,1728714,0,29.181423971000015,600.0,72407,3300184,1.8159339094103124,1.3205629289985774,1.3751210711233501,27.27913047081083
case_006,5,B,24618,82837,411656,411656,0,3.8510900519999893,600.0,32115,1104428,3.3648956048419856,2.5793865794799937,1.3045332683402389,23.344231667445115
case_007,5,B,203834,1012562,110592,110592,0,8.092754630000002,600.0,334420,8681472,4.967581463347626,3.0278153220501167,1.640648763209278,39.04850188385862
case_008,5,B,100603,487605,0,0,0,3.7009727829999974,600.0,209492,8943360,4.846823653370178,2.327559047600863,2.082363349005497,51.97764115097474
case_009,5,B,52311,153261,2008978,2008978,0,48.49686940699996,600.0,87164,2538948,2.929804438836956,1.7583061814510579,1.6662652214639369,39.98554449084485
case_010,5,B,26147,86969,778932,778932,0,4.080606474999968,600.0,31583,1349652,3.3261559643553755,2.753664946331887,1.2079014800933185,17.211791153468635
case_011,5,B,46880,184697,540672,540672,0,2.69480850299999,600.0,76747,3923968,3.9397824232081913,2.4065696379011556,1.637094709897611,38.91617913403781
case_012,5,B,12712,59088,31104,31104,0,2.554602301999978,600.0,23350,726270,4.6482064191315295,2.5305353319057815,1.8368470736312146,45.558886509635975
case_013,5,B,54363,263949,32768,32768,0,3.328906694000011,600.0,126368,4866048,4.855305998565201,2.0887329070650797,2.3245221934036016,56.9804064320081
case_014,5,B,3605387,17698626,53128200,35233968,17894232,114.31914621800001,600.0,7271324,329758612,4.908939317748691,2.434030721227661,2.0167943136201467,50.41636158696821
case_015,5,B,39837,177362,317952,317952,0,4.0044962430000055,600.0,74123,2506224,4.452192685192158,2.3928065512728844,1.8606571780003514,46.25554821040703
case_016,5,B,2087323,7715523,214900,214900,0,52.26305343600001,600.0,2108040,212468,3.6963723391156997,3.660045824557409,1.0099251529351232,0.9827612379271766
case_017,5,B,30495,162810,343296,343296,0,6.442688220999969,600.0,50102,1913004,5.338908017707821,3.2495708754141552,1.642957861944581,39.13416630074648
case_018,5,B,202778,1004367,5054464,4681728,372736,7.543270091000011,600.0,328140,14200072,4.953037311739933,3.0607880782592796,1.6182228841393052,38.203815444627296
case_019,5,B,18640,81144,327032,327032,0,2.3339685239999994,600.0,28884,1304200,4.353218884120172,2.8093061902783547,1.5495708154506438,35.46600193878964
case_020,5,B,107650,532746,0,0,0,5.155656496000006,600.0,676626,37797888,4.948871342313051,0.7873566785787126,6.2854249883882956,84.09017684806673
case_021,5,B,1250168,6567937,11431936,9420800,2011136,7.738558388000001,600.0,2229905,80388096,5.253643510312214,2.9453887048999845,1.7836842728337312,43.936266343185025
case_022,5,B,11813,56780,6912,6912,0,2.4308385969999335,600.0,35217,1531446,4.8065690341149585,1.6122895192662634,2.9812071446711252,66.45654087514552
case_023,5,B,24793,122614,197472,197472,0,3.983631040000091,600.0,43304,1988394,4.945508812971403,2.8314705338998705,1.7466220304118099,42.7466284869758
case_024,5,B,694207,2555343,202660,202660,0,32.508208696999986,600.0,701664,201860,3.6809525112826575,3.6418328430701874,1.0107417528201244,1.0627593834085847
case_025,5,B,975282,4863026,110592,110592,0,60.156089594000036,600.0,2117441,71780352,4.986276789687495,2.296652421484235,2.171106408197834,53.940534824819196
case_026,5,B,33518,99203,491168,491168,0,3.953548868999974,600.0,54479,2207536,2.9596932991228595,1.8209401787844857,1.6253654752670208,38.47537583288974
case_027,5,B,558753,2363952,5529600,5529600,0,4.371145511000009,600.0,582125,15900672,4.230763861670542,4.060901009233412,1.0418288581895758,4.014945243719136
case_028,5,B,8211965,43836040,30147072,18264576,11882496,66.60925583799997,600.0,8233217,40272384,5.338069511986474,5.324290614470626,1.0025879311468084,0.2581251046826494
case_029,5,B,9383,37555,0,0,0,1.7162331209999593,600.0,23318,841018,4.002451241607162,1.6105583669268377,2.485132686773953,59.760699888498145
case_030,5,B,561102,2808034,11479040,7463936,4015104,10.333003041999973,600.0,1404723,76843016,5.004498290863337,1.9989948196192417,2.50350738368425,60.056039518111405
case_031,5,B,306307,1414369,8059392,6248448,1810944,12.477989807999961,600.0,613238,32027002,4.617488336864649,2.306394907034463,2.002037171856993,50.050877473346404
case_032,5,B,10415,41443,12360,12360,0,2.3515611710000712,600.0,20018,574704,3.9791646663466156,2.070286741932261,1.9220355256841095,47.971825357178545
case_033,5,B,369453,1774196,6509184,6509184,0,5.596961822000026,600.0,730436,38422850,4.802223828200069,2.428954761265874,1.9770742151234393,49.42020929965116
case_034,5,B,173032,842996,3532800,3532800,0,5.90066308400003,600.0,366733,18917118,4.8719080863655275,2.298664150758181,2.1194518932914144,52.817990199954735
case_035,5,B,58349,169571,1602218,1602218,0,32.76062619600009,600.0,89461,2291788,2.906150919467343,1.8954740054325347,1.533205367701246,34.77716546875175
case_036,5,B,187182,931510,4608,4608,0,2.770349237000005,600.0,187182,4608,4.976493466252097,4.976493466252097,1.0,0.0
case_037,5,B,43800,210001,1925120,1925120,0,1.5186220119999234,600.0,92131,4849664,4.794543378995434,2.279373934940465,2.1034474885844747,52.458998599819815
case_038,5,B,283188,1364555,8558592,8558592,0,11.363576807999948,600.0,545383,24937096,4.81854810232072,2.502012347286219,1.9258690339986158,48.07538922188627
case_039,5,B,381106,1435262,13320192,12607488,712704,20.31119210600002,600.0,964785,52690944,3.7660440927196106,1.487649579958229,2.5315397815830765,60.49834937317641
case_040,5,B,89745,253454,2634900,2634900,0,30.96737934700002,600.0,115802,4340500,2.8241573346704554,2.188684133261947,1.2903448660092485,22.50133849156318
case_041,5,B,1196379,6003957,40630272,18020352,22609920,22.751345904999994,600.0,2535316,125127020,5.018440644645217,2.368129653266102,2.119157892273268,52.811444411663075
case_042,5,B,369780,1686740,8045568,7286784,758784,9.33489434799992,600.0,561688,22046060,4.561468981556601,3.0029838629274614,1.5189788522905512,34.16629872811953
case_043,5,B,240597,677656,9832918,9832918,0,112.167295953,600.0,334137,15499348,2.8165604724913447,2.0280783032109584,1.3887829025299567,27.994505247847435
case_044,5,B,45248,154407,930400,930400,0,5.396930784000006,600.0,82823,3721600,3.4124602192362095,1.8643009791965999,1.8304234441301273,45.36783260688456
case_045,5,B,26164,125614,0,0,0,2.7512367799999993,600.0,125587,6893568,4.801024308209754,1.000214990405058,4.799992355908882,79.16663348913502
case_046,5,B,79918,276455,2791200,2791200,0,3.501886246999902,600.0,94948,3721600,3.4592332140443953,2.911646374857817,1.1880677694637003,15.829717318953529
case_047,5,B,119372,326508,3409368,3409368,0,64.86226029400007,600.0,174163,6671256,2.735214288107764,1.874726549267066,1.4589937338739403,31.459609675993182
case_048,5,B,98572,222220,1132628,1132628,0,16.607644002000143,600.0,118081,1639444,2.2543927281580975,1.8819285067030258,1.1979162439638031,16.521709673867935
case_049,5,B,64305,196276,2125062,2125062,0,35.905748654000035,600.0,92852,3896060,3.0522665422595443,2.113858613707836,1.443931265064925,30.744625856201267
case_050,5,B,58897,149690,1885008,1885008,0,36.9931383239998,600.0,85297,3524476,2.541555597059273,1.7549269024701923,1.4482401480550793,30.950678218460205
case_051,5,B,168374,607628,198040,198040,0,7.007118687999991,600.0,170826,197856,3.608799458348676,3.5569995199793945,1.014562818487415,1.4353786894266696
case_052,5,B,41994,180301,333312,333312,0,3.1813432530000227,600.0,64146,2905834,4.293494308710768,2.8107910080129703,1.5275039291327333,34.53371995136095
case_053,5,B,375096,1472686,12135050,12135050,0,43.125186806999864,600.0,439600,17343320,3.9261575703286624,3.350059144676979,1.1719666432060059,14.673339399454044
case_054,5,B,240647,815051,8940968,8940968,0,62.27859865200003,600.0,301425,13524672,3.3869152742398616,2.703992701335324,1.2525608048303116,20.163556440242182
case_055,5,B,26183,118835,198656,198656,0,4.29717967800002,600.0,42272,1458482,4.5386319367528545,2.811198902346707,1.614482679601268,38.06065480696442
case_056,5,B,97116,277285,3574548,3574548,0,65.13360086900002,600.0,143239,6477552,2.855193788871041,1.9358205516653983,1.4749268915523703,32.200029321623305
case_057,5,B,16538,59726,27936,27936,0,3.4395895850000215,600.0,23643,909234,3.6114403192647235,2.526159962779681,1.429616640464385,30.051177938501883
case_058,5,B,1004819,4539717,32104448,18382848,13721600,34.00380341599998,600.0,2758682,144920576,4.517945022934478,1.6456108387991077,2.7454516684099324,63.576120770715875
case_059,5,B,150782,829473,4325376,4325376,0,2.1208835259999432,600.0,265977,14401536,5.501140719714555,3.1185892013219187,1.7639837646403418,43.31013583881314
case_060,5,B,185331,888789,3641728,3441024,200704,14.86525423199987,600.0,471736,24689456,4.79568447804199,1.8840813505859209,2.5453701755237925,60.712983533162614
case_061,5,B,22283,77191,83712,83712,0,3.483052832000112,600.0,31801,1077282,3.46412063007674,2.4273136064903618,1.427141767266526,29.929876418980538
case_062,5,B,703542,2854809,10626048,9262080,1363968,74.02236130999995,600.0,700027,10275840,4.057766274081718,4.078141271693806,0.9950038519377663,-0.5021234895225435
case_063,5,B,255854,1070397,3253248,3234816,18432,38.83116077700015,600.0,257434,3517440,4.18362425445762,4.157947279691105,1.006175396906048,0.6137495435723284
case_064,5,B,8333,19116,132948,132948,0,4.367508777000012,600.0,19618,268728,2.294011760470419,0.9744112549699255,2.3542541701668065,57.52370272199001
case_065,5,B,9558,53068,55728,55728,0,1.7896510639998269,600.0,22408,792498,5.552207574806445,2.368261335237415,2.3444235195647627,57.345590860407
case_066,5,B,119141,359070,4419676,4419676,0,51.466608023999925,600.0,163749,6912204,3.0138239564885305,2.1928072843192936,1.3744135100427224,27.241693079041706
case_067,5,B,13054159,63834834,158705152,66256384,92448768,53.604445796999926,600.0,15255427,176334336,4.889999731120174,4.184401655882854,1.1686257996397929,14.429409284971173
case_068,5,B,141879,362095,4184738,4184738,0,56.06787038200014,600.0,189227,6632936,2.5521394991506847,1.9135482779941553,1.3337209876021117,25.021799214699804
case_069,5,B,13698,25144,465362,465362,0,5.78249543700008,600.0,23640,1070422,1.835596437436122,1.0636209813874788,1.7257993867717916,42.05583756345178
case_070,5,B,25840,117300,462848,462848,0,3.535473312000022,600.0,52396,1964004,4.5394736842105265,2.238720513016261,2.027708978328173,50.683258263989615
case_071,5,B,10442,18919,317010,317010,0,3.9199138799999673,600.0,16489,630356,1.8118176594522122,1.14737097458912,1.5791036199961692,36.67293347079872
case_072,5,B,4831103,23897828,84918960,39420592,45498368,127.1108313289999,600.0,9009481,379099592,4.9466608350101415,2.6525199398278323,1.8648911025080608,46.37756603293796
case_073,5,B,2034983,10081626,37201408,21712384,15489024,33.11736619500016,600.0,3210135,95880704,4.954157356597082,3.1405613782597928,1.5774750943865379,36.60755700305439
case_074,5,B,330183,1682239,7118848,7118848,0,7.2216594330000135,600.0,538933,26993476,5.094868603168546,3.121425112212464,1.6322251599870374,38.73394280921747
case_075,5,B,374967,1441809,12788022,12788022,0,77.46543423000003,600.0,443164,13253336,3.8451623742889374,3.2534434204944445,1.1818746716377708,15.388659728678322
case_076,5,B,1240011,6185113,40553472,16297984,24255488,43.069486003000065,600.0,3452514,193668124,4.987950106894213,1.791480932445169,2.7842607847833607,64.0838241351085
case_077,5,B,121081,495320,172032,172032,0,14.970456686000034,600.0,201780,8124824,4.090815239385205,2.454752700961443,1.6664877230944575,39.993557339676876
case_078,5,B,481517,2296143,12822528,12822528,0,3.2016371899999285,600.0,568001,9547776,4.768560611567193,4.042498164615908,1.1796073658873933,15.226029531638153
case_079,5,B,6045667,31052251,31907840,23248896,8658944,43.1662208690002,600.0,11896321,471629824,5.136282067801617,2.610239838013786,1.9677433441173653,49.18036424874548
case_080,5,B,100325,292138,3047424,3047424,0,2.945136731000048,600.0,212095,10641408,2.9119162721156244,1.3773922063226385,2.1140792424619983,52.69808340602089
case_081,5,B,30943,151795,0,0,0,2.611082111999849,600.0,75906,2027270,4.905632937982743,1.9997760387848127,2.453091167630805,59.235106579190045
case_082,5,B,195543,721041,5194934,5194934,0,35.35291377500016,600.0,221569,6774808,3.6873782237154997,3.2542503689595565,1.1330960453710948,11.746228037315687
case_083,5,B,191867,1057993,3721600,3721600,0,5.668613148000077,600.0,191867,3721600,5.5141999405838416,5.5141999405838416,1.0,0.0
case_084,5,B,503472,2507412,0,0,0,67.28909583599989,600.0,784692,26507904,4.98024120507198,3.1954091541649463,1.5585613499856994,35.83826520469178
case_085,5,B,822333,3187899,22587672,22587672,0,86.31101635799996,600.0,905161,36103224,3.8766521591617993,3.521913781084249,1.1007231863490825,9.150637289940688
case_086,5,B,55557,118403,2269390,2269390,0,40.25698524399968,600.0,93927,4664088,2.1311985888366904,1.2605853481959395,1.690642043306874,40.85087355073621
case_087,5,B,885221,3974071,8050176,6981120,1069056,67.06753147399968,600.0,1553933,68074940,4.489354635735031,2.5574275081358078,1.755418138521341,43.03351560202403
case_088,5,B,98539,243623,2683862,2683862,0,26.22384552199992,600.0,135934,4936000,2.4723510488233087,1.7922153397972544,1.3794944133794742,27.509673812291258
case_089,5,B,133338,693092,954880,954880,0,8.356530256000042,600.0,133338,954880,5.1980080697175595,5.1980080697175595,1.0,0.0
case_090,5,B,274650,1178363,8606208,8606208,0,4.724327931000062,600.0,295517,8991744,4.290416894229018,3.9874626502028647,1.0759766976151466,7.061184297350065
case_091,5,B,1848187,9186769,39725056,25913344,13811712,56.39311907000001,600.0,4112199,212074612,4.970692359593483,2.2340283142912103,2.224990761216262,55.05599315597324
case_092,5,B,814597,4815554,4606336,3721600,884736,40.66484807000006,600.0,814597,4606336,5.911578363288841,5.911578363288841,1.0,0.0
case_093,5,B,15876,74205,32768,32768,0,1.2139907910000147,600.0,35053,1335296,4.674036281179139,2.1169372093686705,2.2079239103048627,54.708584144010494
case_094,5,B,20297,94892,259200,259200,0,1.906708749000245,600.0,51267,2485104,4.67517367098586,1.8509372500828993,2.5258412573286693,60.409230109037004
case_095,5,B,420852,2084853,0,0,0,22.194776187000116,600.0,1086817,48364800,4.953886401870491,1.9183109943992411,2.582420898558163,61.27664547021256
case_096,5,B,25183,84194,623148,623148,0,6.8115108530000725,600.0,34992,1273476,3.3432871381487512,2.406092821216278,1.3895087956160903,28.03212162780064
case_097,5,B,2102348,11491509,21311488,17039360,4272128,7.45722673299997,600.0,2740474,101289984,5.466035594487687,4.193255984183758,1.3035301481962074,23.285241896109945
case_098,5,B,50844,177430,1517236,1517236,0,7.516437885999949,600.0,66626,2355252,3.489693965856345,2.663074475430012,1.3104004405632916,23.687449344099896
case_099,5,B,324321,1622999,7065600,7065600,0,6.30717722099962,600.0,528044,18574356,5.004298210723326,3.0736056086235237,1.6281523552283077,38.58068645794669
case_100,5,B,47130,151223,1112288,1112288,0,9.706714668999666,600.0,60805,2147984,3.208635688521112,2.4870158704053944,1.2901548907277742,22.489926815229012
