case,cores,makespan,added_copy_bytes,partition_added_copy_bytes,spill_added_copy_bytes,budget_seconds,wall_seconds
case_001,1,233110,0,0,0,600.0,1.5972006399999827
case_002,1,261945,0,0,0,600.0,4.644907420999971
case_003,1,548159,24576,0,24576,600.0,50.10920155500003
case_004,1,392357,0,0,0,600.0,1.9146284039999841
case_005,1,83323,0,0,0,600.0,11.12683214399999
case_006,1,76373,166044,0,166044,600.0,3.91171534099999
case_007,1,1012562,0,0,0,600.0,24.33083044099999
case_008,1,487605,0,0,0,600.0,5.294839676000038
case_009,1,147061,327048,0,327048,600.0,27.38968808100003
case_010,1,86057,63892,0,63892,600.0,3.4541043039999977
case_011,1,184697,0,0,0,600.0,1.6549738479999974
case_012,1,51532,0,0,0,600.0,3.9508205149999753
case_013,1,263949,0,0,0,600.0,5.605724365000015
case_014,1,17698626,71010720,0,71010720,600.0,207.46027073799996
case_015,1,158311,873464,0,873464,600.0,5.065575276000004
case_016,1,7715523,0,0,0,600.0,47.426877728999955
case_017,1,155189,0,0,0,600.0,5.281574057
case_018,1,1004367,1970176,0,1970176,600.0,13.81777186200003
case_019,1,74026,315392,0,315392,600.0,3.3019465179999656
case_020,1,532746,0,0,0,600.0,17.54725582399999
case_021,1,6567937,4501504,0,4501504,600.0,24.836013135999963
case_022,1,56750,0,0,0,600.0,5.353231657000038
case_023,1,109495,1100056,0,1100056,600.0,5.651870357000007
case_024,1,2555343,0,0,0,600.0,9.63533410499997
case_025,1,4863026,0,0,0,600.0,212.48697659799996
case_026,1,90235,0,0,0,600.0,3.1437056099999836
case_027,1,2363952,1400832,0,1400832,600.0,7.559208421999983
case_028,1,41576363,62779392,0,62779392,600.0,167.74160285800002
case_029,1,37555,0,0,0,600.0,1.9964885089999598
case_030,1,2808034,5519360,0,5519360,600.0,41.356003137000016
case_031,1,1412792,2251776,0,2251776,600.0,37.15557380200005
case_032,1,34524,0,0,0,600.0,2.9362263980000307
case_033,1,1774196,4592640,0,4592640,600.0,12.043095538999978
case_034,1,825894,0,0,0,600.0,21.719675983000002
case_035,1,162870,0,0,0,600.0,13.826591474999987
case_036,1,931510,0,0,0,600.0,7.184118821999959
case_037,1,210001,0,0,0,600.0,2.311844659999906
case_038,1,1364555,5627904,0,5627904,600.0,20.58850050400008
case_039,1,1435262,7929856,0,7929856,600.0,44.62979381600002
case_040,1,236131,0,0,0,600.0,12.129411890000029
case_041,1,6003957,30898176,0,30898176,600.0,88.02677417799987
case_042,1,1686740,6629376,0,6629376,600.0,33.665033182
case_043,1,644058,2867036,0,2867036,600.0,54.80741629600004
case_044,1,78274,0,0,0,600.0,5.133789256
case_045,1,125614,0,0,0,600.0,3.1164580930000056
case_046,1,216726,0,0,0,600.0,4.417663435999998
case_047,1,291280,0,0,0,600.0,32.33271629400008
case_048,1,198369,0,0,0,600.0,4.567823561999944
case_049,1,181681,27658,0,27658,600.0,16.882764082999984
case_050,1,142450,702996,0,702996,600.0,20.614191121999966
case_051,1,607628,0,0,0,600.0,1.9282040719999713
case_052,1,175278,0,0,0,600.0,4.275253012000007
case_053,1,1341846,855054,0,855054,600.0,50.292389676999846
case_054,1,815051,0,0,0,600.0,60.089826097000014
case_055,1,106616,282696,0,282696,600.0,5.011498878999987
case_056,1,258692,25618,0,25618,600.0,36.51500365000004
case_057,1,59056,0,0,0,600.0,3.532620902000076
case_058,1,4539717,28696576,0,28696576,600.0,129.24581270499993
case_059,1,738041,0,0,0,600.0,6.582726082000022
case_060,1,882690,1439748,0,1439748,600.0,39.51427229800015
case_061,1,77191,0,0,0,600.0,4.268696832000046
case_062,1,2854809,0,0,0,600.0,72.58994846200017
case_063,1,1070397,0,0,0,600.0,31.67191269700004
case_064,1,17184,0,0,0,600.0,4.348432887999934
case_065,1,44156,0,0,0,600.0,3.1510453610000013
case_066,1,318124,75272,0,75272,600.0,21.93797176199996
case_067,1,63834834,264449408,0,264449408,600.0,79.9984191919998
case_068,1,328200,531976,0,531976,600.0,25.590326539999978
case_069,1,21597,0,0,0,600.0,2.858525329000031
case_070,1,110849,0,0,0,600.0,6.681044961999987
case_071,1,15824,0,0,0,600.0,2.5286827590000485
case_072,1,23897828,108613680,0,108613680,600.0,237.84207574800007
case_073,1,9839163,90447872,0,90447872,600.0,31.7852549549998
case_074,1,1651943,5255176,0,5255176,600.0,23.600456999000016
case_075,1,1334897,0,0,0,600.0,26.826334589
case_076,1,6185113,28280832,0,28280832,600.0,183.098457112
case_077,1,495320,0,0,0,600.0,19.659688698000082
case_078,1,2095621,24576,0,24576,600.0,2.985882907000132
case_079,1,31052251,32448512,0,32448512,600.0,156.429056585
case_080,1,292138,548864,0,548864,600.0,3.499660249000044
case_081,1,151795,0,0,0,600.0,8.78672233999987
case_082,1,718790,597130,0,597130,600.0,12.856266811000069
case_083,1,851601,262144,0,262144,600.0,16.82402227500006
case_084,1,2191327,29453952,0,29453952,600.0,118.56790008799999
case_085,1,3187899,0,0,0,600.0,74.04915433199994
case_086,1,105557,155146,0,155146,600.0,21.43356447500014
case_087,1,3974071,7902720,0,7902720,600.0,194.95447076300002
case_088,1,219593,544128,0,544128,600.0,13.95763872700013
case_089,1,659152,0,0,0,600.0,27.277366365999796
case_090,1,882630,0,0,0,600.0,6.466587343000128
case_091,1,9186769,53947008,0,53947008,600.0,195.04505395800015
case_092,1,4373417,29294592,0,29294592,600.0,168.85358135499996
case_093,1,74205,0,0,0,600.0,1.1400587670000277
case_094,1,84874,458752,0,458752,600.0,3.0597453390000737
case_095,1,2084853,0,0,0,600.0,30.69566501899999
case_096,1,75393,107552,0,107552,600.0,3.694733939999878
case_097,1,11491509,10584064,0,10584064,600.0,60.99403264700004
case_098,1,176171,852332,0,852332,600.0,4.24054873099999
case_099,1,1622999,5484544,0,5484544,600.0,14.442171564999853
case_100,1,141463,0,0,0,600.0,4.081217521000099
case_001,2,116868,1152,1152,0,600.0,1.1413441559998319
case_002,2,137089,562176,562176,0,600.0,8.357418784999936
case_003,2,315516,6408454,6408454,0,600.0,41.15195760700044
case_004,2,199074,110592,110592,0,600.0,1.9058887589999358
case_005,2,60883,2190534,2190534,0,600.0,27.083439748001183
case_006,2,39367,614532,614532,0,600.0,2.0248657669999375
case_007,2,507494,27648,27648,0,600.0,9.262583489000463
case_008,2,244266,0,0,0,600.0,2.8913379260011425
case_009,2,84436,1236498,1236498,0,600.0,16.791127648999463
case_010,2,42846,471500,471500,0,600.0,3.132057116001306
case_011,2,92646,180224,180224,0,600.0,1.1326361390001694
case_012,2,29730,461572,461572,0,600.0,2.706103255999551
case_013,2,132198,8192,8192,0,600.0,2.257484495999961
case_014,2,8864262,62154168,9893208,52260960,600.0,265.0208374949998
case_015,2,89331,1786394,1786394,0,600.0,2.450036681999336
case_016,2,4026549,404192,404192,0,600.0,34.64077134099898
case_017,2,86334,394974,372446,22528,600.0,5.681437654000547
case_018,2,498719,1377280,1299456,77824,600.0,7.299361884000064
case_019,2,40392,814128,814128,0,600.0,2.6106570099991586
case_020,2,266580,0,0,0,600.0,11.216187782999441
case_021,2,3194570,3174400,1536000,1638400,600.0,17.332392897998943
case_022,2,28851,6912,6912,0,600.0,4.929497991000062
case_023,2,58216,1523296,1351264,172032,600.0,3.2627496719997
case_024,2,1334769,396848,396848,0,600.0,31.535097746000247
case_025,2,2431840,27648,27648,0,600.0,88.66097199999967
case_026,2,53208,1301728,1129696,172032,600.0,3.6610707140007435
case_027,2,1118352,1449984,1449984,0,600.0,2.026265050000802
case_028,2,20615674,82416768,55850112,26566656,600.0,105.63203792199965
case_029,2,19740,0,0,0,600.0,3.1610154869995313
case_030,2,1403594,7644160,1950720,5693440,600.0,21.413627004001683
case_031,2,732205,2139648,1731072,408576,600.0,25.372053520000918
case_032,2,17554,6216,6216,0,600.0,3.101807001999987
case_033,2,896676,3391008,2059296,1331712,600.0,9.555849827000202
case_034,2,440418,1459712,1238528,221184,600.0,11.775353767001434
case_035,2,95406,0,0,0,600.0,10.723231855999984
case_036,2,466068,1152,1152,0,600.0,4.143315989000257
case_037,2,105374,204800,204800,0,600.0,1.4515706749989477
case_038,2,681518,6790656,2517504,4273152,600.0,11.046539709001081
case_039,2,708561,11067392,4202496,6864896,600.0,11.871783810000125
case_040,2,140145,2475470,2475470,0,600.0,21.59333698499904
case_041,2,2992480,33490944,4893696,28597248,600.0,44.07007830300063
case_042,2,840916,7262496,2052384,5210112,600.0,22.20980130299995
case_043,2,350868,9505206,9505206,0,600.0,26.559932207999736
case_044,2,45248,930400,930400,0,600.0,3.085029112000484
case_045,2,63059,0,0,0,600.0,1.3553644869989512
case_046,2,109740,930400,930400,0,600.0,2.042375049999464
case_047,2,166394,3012550,3012550,0,600.0,40.07195203599986
case_048,2,125568,391302,391302,0,600.0,8.45643478600141
case_049,2,106107,2803330,2803330,0,600.0,23.747452206998787
case_050,2,78327,1958198,1896438,61760,600.0,37.87183358600032
case_051,2,318674,393884,393884,0,600.0,5.6707924689999345
case_052,2,86843,102912,102912,0,600.0,3.6534462680001525
case_053,2,728229,5317152,5317152,0,600.0,32.37639761600076
case_054,2,438618,8276074,8276074,0,600.0,30.503870700000334
case_055,2,56582,852212,852212,0,600.0,3.3938494979993266
case_056,2,147688,3622398,3622398,0,600.0,63.472444629000165
case_057,2,30025,416890,416890,0,600.0,3.284045475000312
case_058,2,2261085,30621696,6623232,23998464,600.0,106.54605152300064
case_059,2,369318,360448,360448,0,600.0,2.651263107998602
case_060,2,474073,1255552,1198080,57472,600.0,19.675810131999242
case_061,2,39298,34560,34560,0,600.0,2.374711632999606
case_062,2,1572635,10856448,6678528,4177920,600.0,56.99854731300002
case_063,2,575202,3323904,2497536,826368,600.0,40.748177371000565
case_064,2,13417,95590,95590,0,600.0,4.514777041999878
case_065,2,22021,13968,13968,0,600.0,1.9521505310003704
case_066,2,190462,3937564,3937564,0,600.0,44.95297183100047
case_067,2,31418001,182202752,37964160,144238592,600.0,58.263189584999964
case_068,2,200719,3519186,3471050,48136,600.0,41.117762280000534
case_069,2,16133,233732,233732,0,600.0,4.00168769999982
case_070,2,58234,129536,129536,0,600.0,3.9682853520007484
case_071,2,12826,208452,208452,0,600.0,3.508680603999892
case_072,2,11836023,113724192,10948952,102775240,600.0,127.44667819200004
case_073,2,5587533,91806080,3721600,88084480,600.0,18.10641204700005
case_074,2,803673,3747840,2285568,1462272,600.0,9.949480174999735
case_075,2,728185,7124774,7124774,0,600.0,39.30406261799908
case_076,2,3065214,31095808,4074496,27021312,600.0,107.38049244799913
case_077,2,250735,57344,57344,0,600.0,9.263786729001367
case_078,2,1051374,2148480,2148480,0,600.0,2.9168802839994896
case_079,2,15446486,31780864,3649536,28131328,600.0,90.91032854900004
case_080,2,145926,2191360,1904640,286720,600.0,1.6987352539999847
case_081,2,76860,0,0,0,600.0,4.447923028999867
case_082,2,387499,3234278,3234278,0,600.0,26.793325541999366
case_083,2,433315,930400,930400,0,600.0,10.235603340001035
case_084,2,1168951,28717440,0,28717440,600.0,57.53013211799953
case_085,2,1810774,9335690,7981254,1354436,600.0,42.481449134000286
case_086,2,67521,1185860,1185860,0,600.0,24.96850249899944
case_087,2,1987606,10142208,2004480,8137728,600.0,116.17566215999977
case_088,2,134265,2582030,2582030,0,600.0,16.423572208001133
case_089,2,329430,238720,238720,0,600.0,13.425454136000553
case_090,2,454440,2341200,2341200,0,600.0,5.691755542000465
case_091,2,4571759,57904096,6478336,51425760,600.0,104.55269392899936
case_092,2,2162750,16642656,930400,15712256,600.0,54.79783685400071
case_093,2,37827,8192,8192,0,600.0,1.1044478559997515
case_094,2,48430,106272,106272,0,600.0,1.5907357390005927
case_095,2,1042890,0,0,0,600.0,9.843260092000492
case_096,2,41837,719692,719692,0,600.0,2.995657339999525
case_097,2,5617602,11796480,2555904,9240576,600.0,30.0341174339992
case_098,2,89551,0,0,0,600.0,3.7796227729995735
case_099,2,811243,7319552,1904640,5414912,600.0,8.781581574001393
case_100,2,74200,1161942,1126614,35328,600.0,2.9744733260013163
case_001,3,78545,2304,2304,0,600.0,1.0741800330015394
case_002,3,94149,746496,746496,0,600.0,8.233609535000141
case_003,3,257302,9518568,9518568,0,600.0,61.29094192699995
case_004,3,134043,221184,221184,0,600.0,1.5016912350001803
case_005,3,52655,1728714,1728714,0,600.0,31.9222371449996
case_006,3,29782,841742,841742,0,600.0,2.582287688001088
case_007,3,338094,55296,55296,0,600.0,7.9537138039995625
case_008,3,163359,0,0,0,600.0,4.09287155399943
case_009,3,63747,1616024,1616024,0,600.0,54.657215057999565
case_010,3,30856,48384,48384,0,600.0,3.150239505001082
case_011,3,69625,1081344,1081344,0,600.0,2.2577655219993176
case_012,3,18114,20160,20160,0,600.0,3.869444971000121
case_013,3,88351,16384,16384,0,600.0,1.5972697230008635
case_014,3,5924867,46130856,19786416,26344440,600.0,247.59586818500065
case_015,3,58906,208128,208128,0,600.0,3.5786217149998265
case_016,3,2876720,12200,12200,0,600.0,46.05662626399862
case_017,3,52489,175104,175104,0,600.0,4.17040499200084
case_018,3,334784,12853772,12853772,0,600.0,12.104989659000239
case_019,3,28195,24576,24576,0,600.0,3.139675069000077
case_020,3,177950,0,0,0,600.0,6.17905952000001
case_021,3,2106848,4710400,4710400,0,600.0,10.078770303000056
case_022,3,19370,13824,13824,0,600.0,4.350275065999995
case_023,3,41720,196896,196896,0,600.0,4.7411730169988004
case_024,3,953408,4040,4040,0,600.0,36.12667388299997
case_025,3,1622164,55296,55296,0,600.0,97.03778407199934
case_026,3,41132,1491816,1491816,0,600.0,3.6786297130001913
case_027,3,765280,33890304,33890304,0,600.0,5.157937207000941
case_028,3,13848390,34820352,4296960,30523392,600.0,76.00280490899968
case_029,3,12743,0,0,0,600.0,0.9921993190000649
case_030,3,933857,9242624,3901440,5341184,600.0,12.784469625001293
case_031,3,483567,3462144,3462144,0,600.0,25.460342381999
case_032,3,11808,12360,12360,0,600.0,2.2699092899993047
case_033,3,602408,4180032,3952704,227328,600.0,9.363810917000592
case_034,3,280681,2341888,2341888,0,600.0,11.43206309299967
case_035,3,71961,1735510,1735510,0,600.0,36.52278991200001
case_036,3,311345,2304,2304,0,600.0,3.626705763001155
case_037,3,74038,1064960,1064960,0,600.0,1.8562664349992701
case_038,3,459530,5534208,4932096,602112,600.0,27.925475694999477
case_039,3,483806,12414976,8404992,4009984,600.0,15.850969379999697
case_040,3,105923,3308532,3308532,0,600.0,14.366274512000018
case_041,3,1991992,34879488,9787392,25092096,600.0,43.81334360099936
case_042,3,571947,8251680,3950880,4300800,600.0,22.842996902999403
case_043,3,267919,7959640,7959640,0,600.0,82.09427593500004
case_044,3,45248,930400,930400,0,600.0,3.855666751998797
case_045,3,42601,0,0,0,600.0,0.9267364770003041
case_046,3,82826,1860800,1860800,0,600.0,1.854505433999293
case_047,3,136827,4387628,4387628,0,600.0,67.38862788799997
case_048,3,99835,1016076,1016076,0,600.0,11.234658608000245
case_049,3,84225,3516344,3516344,0,600.0,28.214468991000103
case_050,3,67318,1393486,1393486,0,600.0,42.72497287599981
case_051,3,227452,960,960,0,600.0,6.126611796998986
case_052,3,62309,181248,181248,0,600.0,3.724802511999769
case_053,3,497437,7442990,7442990,0,600.0,38.675753962999806
case_054,3,316491,6482640,6482640,0,600.0,44.31787728400013
case_055,3,40063,115712,115712,0,600.0,4.90886687999955
case_056,3,117225,1870000,1870000,0,600.0,65.9044272150004
case_057,3,23294,549116,549116,0,600.0,5.534389295000437
case_058,3,1554831,30400512,9191424,21209088,600.0,55.37706170099955
case_059,3,254073,2162688,2162688,0,600.0,6.861488086000463
case_060,3,323843,3290252,2345088,945164,600.0,12.111047565000263
case_061,3,28342,43008,43008,0,600.0,2.448117480000292
case_062,3,1083992,10865664,8871936,1993728,600.0,55.04815087799943
case_063,3,396695,3133440,2641920,491520,600.0,40.71859351400053
case_064,3,14105,126220,126220,0,600.0,5.54986568700042
case_065,3,16963,27936,27936,0,600.0,2.892269113999646
case_066,3,139098,3077354,3077354,0,600.0,54.533341243000905
case_067,3,21034535,187518720,50977536,136541184,600.0,55.15772139099954
case_068,3,167916,3536102,3536102,0,600.0,50.87631394300115
case_069,3,14920,489770,489770,0,600.0,5.452087973999369
case_070,3,43439,1523108,1523108,0,600.0,4.105548785999417
case_071,3,10782,235082,235082,0,600.0,4.299082114001067
case_072,3,7961454,82414368,19804504,62609864,600.0,121.06027590899976
case_073,3,4300595,93164288,7443200,85721088,600.0,24.454574297000363
case_074,3,537857,4923392,4571136,352256,600.0,10.25002831599977
case_075,3,526421,12146060,12146060,0,600.0,45.69514007899852
case_076,3,2050028,34332672,8148992,26183680,600.0,62.52258843799973
case_077,3,178739,114688,114688,0,600.0,9.666051256999708
case_078,3,720770,8054016,8054016,0,600.0,3.166165386001012
case_079,3,10140755,33890304,11624448,22265856,600.0,94.2154733569987
case_080,3,100325,3047424,3047424,0,600.0,1.8457645760008745
case_081,3,51943,0,0,0,600.0,2.879223825999361
case_082,3,263881,2788460,2788460,0,600.0,30.921482428000672
case_083,3,298003,1860800,1860800,0,600.0,10.066036706000887
case_084,3,836220,0,0,0,600.0,74.931089488
case_085,3,1228758,29372396,29372396,0,600.0,38.812239931001386
case_086,3,60328,1851498,1851498,0,600.0,35.53752121400066
case_087,3,1371815,5465088,4008960,1456128,600.0,119.00865952099957
case_088,3,117498,2337262,2337262,0,600.0,22.95729730200037
case_089,3,229298,477440,477440,0,600.0,12.59349360699889
case_090,3,337795,4490496,4490496,0,600.0,3.867200934999346
case_091,3,3053553,33286976,12956672,20330304,600.0,141.7044793799996
case_092,3,1418789,10675392,1860800,8814592,600.0,55.563827981999566
case_093,3,25103,16384,16384,0,600.0,0.8447756999994454
case_094,3,35024,737860,737860,0,600.0,2.5660642009988806
case_095,3,695775,0,0,0,600.0,14.533554228000867
case_096,3,30611,67392,67392,0,600.0,3.6498156300003757
case_097,3,3660459,16031744,8519680,7512064,600.0,37.789633594000406
case_098,3,65715,852966,852966,0,600.0,5.795283287001439
case_099,3,544403,8798208,3809280,4988928,600.0,9.20913406299951
case_100,3,54371,1640268,1640268,0,600.0,3.5690833930002555
case_001,4,58984,3456,3456,0,600.0,1.0626039419985318
case_002,4,73120,841728,841728,0,600.0,7.474435724000614
case_003,4,234056,7733990,7733990,0,600.0,91.44844374199965
case_004,4,104188,331776,331776,0,600.0,1.836510654000449
case_005,4,52655,1728714,1728714,0,600.0,35.39470796900059
case_006,4,26251,913168,913168,0,600.0,3.2368859090001934
case_007,4,254398,82944,82944,0,600.0,6.838092978001441
case_008,4,123060,0,0,0,600.0,4.160332502000529
case_009,4,55563,1890898,1890898,0,600.0,57.64911148799911
case_010,4,26147,778932,778932,0,600.0,3.920361178999883
case_011,4,46880,540672,540672,0,600.0,1.0764381509998202
case_012,4,14886,21888,21888,0,600.0,3.226796634000493
case_013,4,66982,24576,24576,0,600.0,1.5455565779993776
case_014,4,4428315,48577944,29628936,18949008,600.0,78.42383864599833
case_015,4,51503,231168,231168,0,600.0,3.6320943729988358
case_016,4,2238959,15864,15864,0,600.0,45.8978533849986
case_017,4,42924,260352,260352,0,600.0,7.4749620179991325
case_018,4,255853,3755776,3755776,0,600.0,12.219192890000159
case_019,4,21744,359504,359504,0,600.0,3.5036924249998265
case_020,4,133704,0,0,0,600.0,5.8540012280000155
case_021,4,1550324,4608000,4608000,0,600.0,6.418741950999902
case_022,4,14574,13824,13824,0,600.0,4.2963907090006614
case_023,4,30522,207552,207552,0,600.0,4.110532988999694
case_024,4,743027,5256,5256,0,600.0,41.37951550099933
case_025,4,1217444,82944,82944,0,600.0,61.69989950099989
case_026,4,35520,724704,724704,0,600.0,5.034562969000035
case_027,4,559196,3317760,3317760,0,600.0,2.077347524000288
case_028,4,10250099,31777152,15212928,16564224,600.0,93.69881277099921
case_029,4,11028,0,0,0,600.0,1.8164049909992173
case_030,4,700342,10404864,5819392,4585472,600.0,12.707519300000058
case_031,4,394466,4922880,4922880,0,600.0,26.609279088999756
case_032,4,11164,12360,12360,0,600.0,2.9115306490002695
case_033,4,457602,5251680,5224032,27648,600.0,5.797643865000282
case_034,4,252538,2979328,2979328,0,600.0,10.567482381000445
case_035,4,56936,1675904,1675904,0,600.0,43.505945376000454
case_036,4,233584,3456,3456,0,600.0,3.476689343000544
case_037,4,53320,614400,614400,0,600.0,0.9966903570002614
case_038,4,344898,6950400,6514176,436224,600.0,22.350752382999417
case_039,4,381106,13320192,12607488,712704,600.0,15.543215941999733
case_040,4,95952,2473682,2473682,0,600.0,29.108022128999437
case_041,4,1490603,39164928,14349312,24815616,600.0,27.66531326200129
case_042,4,435949,7059744,6002976,1056768,600.0,19.649561553999774
case_043,4,240597,9832918,9832918,0,600.0,78.14197187100035
case_044,4,45248,930400,930400,0,600.0,4.144352941000761
case_045,4,31878,0,0,0,600.0,0.9143926409997221
case_046,4,79918,2791200,2791200,0,600.0,3.045638683001016
case_047,4,125959,5012946,5012946,0,600.0,86.07546112600085
case_048,4,97813,1114512,1114512,0,600.0,12.588647286000196
case_049,4,70510,1739398,1739398,0,600.0,32.779782550000164
case_050,4,59891,1620642,1620642,0,600.0,44.118891715000245
case_051,4,178386,1252,1252,0,600.0,7.5282935589984845
case_052,4,45500,259584,259584,0,600.0,3.6057305330004965
case_053,4,425404,11152366,11152366,0,600.0,63.51665278700057
case_054,4,262542,7592222,7592222,0,600.0,46.361679489999005
case_055,4,31823,115712,115712,0,600.0,3.741667687001609
case_056,4,104605,3214102,3214102,0,600.0,81.80637213400041
case_057,4,20957,288,288,0,600.0,4.457389871000487
case_058,4,1141608,32284672,19869696,12414976,600.0,56.27308753299985
case_059,4,185216,1081344,1081344,0,600.0,2.8085098960000323
case_060,4,240113,3131648,3123456,8192,600.0,11.83323913499953
case_061,4,26678,62208,62208,0,600.0,4.096218186001352
case_062,4,838854,10054656,8165376,1889280,600.0,51.00634814499972
case_063,4,313176,3538944,3443712,95232,600.0,41.944637578000766
case_064,4,10614,152784,152784,0,600.0,5.687829589000103
case_065,4,11769,41760,41760,0,600.0,2.7580015559997264
case_066,4,123721,3938934,3938934,0,600.0,54.395401413999934
case_067,4,16152614,154190976,58049664,96141312,600.0,55.02964189600061
case_068,4,147382,4076226,4076226,0,600.0,59.22371947300053
case_069,4,14483,503470,503470,0,600.0,6.612040723999598
case_070,4,34658,360960,360960,0,600.0,6.388745270000072
case_071,4,10331,329486,329486,0,600.0,5.204799515000559
case_072,4,5911772,85994272,28660056,57334216,600.0,121.54685129300015
case_073,4,2507770,44120192,17933440,26186752,600.0,31.59899599899836
case_074,4,406099,6230016,6217728,12288,600.0,8.270775455999683
case_075,4,425508,12171570,12171570,0,600.0,51.98926254399885
case_076,4,1540201,37442560,12223488,25219072,600.0,62.29176044899941
case_077,4,144734,172032,172032,0,600.0,14.330066833001183
case_078,4,568228,6445440,6445440,0,600.0,2.7451454549991468
case_079,4,7635624,30445568,10948608,19496960,600.0,87.06153818500024
case_080,4,100325,3047424,3047424,0,600.0,2.8096608279993234
case_081,4,39588,0,0,0,600.0,5.972354067000197
case_082,4,217255,6970608,6970608,0,600.0,39.89029755999945
case_083,4,219344,2791200,2791200,0,600.0,8.03856148199884
case_084,4,629028,0,0,0,600.0,65.60966349699993
case_085,4,938020,29385842,29385842,0,600.0,68.54220130600152
case_086,4,55557,2269390,2269390,0,600.0,41.881520678000015
case_087,4,1069325,7133184,5806080,1327104,600.0,102.92578668299939
case_088,4,98539,2683862,2683862,0,600.0,24.076268641998468
case_089,4,165616,716160,716160,0,600.0,11.145162625000012
case_090,4,295164,6514560,6514560,0,600.0,6.2737993269984145
case_091,4,2290698,35909280,19435008,16474272,600.0,64.79457056399951
case_092,4,1033609,6788896,2791200,3997696,600.0,47.609426352999435
case_093,4,19779,24576,24576,0,600.0,1.4317526389986597
case_094,4,27182,318816,318816,0,600.0,2.2742991520008218
case_095,4,524422,0,0,0,600.0,12.764887694000208
case_096,4,26984,78336,78336,0,600.0,4.55485582700021
case_097,4,2626908,14221312,7667712,6553600,600.0,11.804492270000992
case_098,4,52186,1249322,1249322,0,600.0,6.903164141998786
case_099,4,405655,9764864,5652480,4112384,600.0,9.315356568000425
case_100,4,50324,1961860,1961860,0,600.0,6.061782721999407
case_001,5,47502,4608,4608,0,600.0,1.0006659240000033
case_002,5,59575,872448,872448,0,600.0,8.244855432999984
case_003,5,232588,9723996,9723996,0,600.0,79.790540806
case_004,5,88341,442368,442368,0,600.0,2.6089799779999794
case_005,5,52655,1728714,1728714,0,600.0,29.181423971000015
case_006,5,24618,411656,411656,0,600.0,3.8510900519999893
case_007,5,203834,110592,110592,0,600.0,8.092754630000002
case_008,5,100603,0,0,0,600.0,3.7009727829999974
case_009,5,52311,2008978,2008978,0,600.0,48.49686940699996
case_010,5,26147,778932,778932,0,600.0,4.080606474999968
case_011,5,46880,540672,540672,0,600.0,2.69480850299999
case_012,5,12712,31104,31104,0,600.0,2.554602301999978
case_013,5,54363,32768,32768,0,600.0,3.328906694000011
case_014,5,3605387,53128200,35233968,17894232,600.0,114.31914621800001
case_015,5,39837,317952,317952,0,600.0,4.0044962430000055
case_016,5,2087323,214900,214900,0,600.0,52.26305343600001
case_017,5,30495,343296,343296,0,600.0,6.442688220999969
case_018,5,202778,5054464,4681728,372736,600.0,7.543270091000011
case_019,5,18640,327032,327032,0,600.0,2.3339685239999994
case_020,5,107650,0,0,0,600.0,5.155656496000006
case_021,5,1250168,11431936,9420800,2011136,600.0,7.738558388000001
case_022,5,11813,6912,6912,0,600.0,2.4308385969999335
case_023,5,24793,197472,197472,0,600.0,3.983631040000091
case_024,5,694207,202660,202660,0,600.0,32.508208696999986
case_025,5,975282,110592,110592,0,600.0,60.156089594000036
case_026,5,33518,491168,491168,0,600.0,3.953548868999974
case_027,5,558753,5529600,5529600,0,600.0,4.371145511000009
case_028,5,8211965,30147072,18264576,11882496,600.0,66.60925583799997
case_029,5,9383,0,0,0,600.0,1.7162331209999593
case_030,5,561102,11479040,7463936,4015104,600.0,10.333003041999973
case_031,5,306307,8059392,6248448,1810944,600.0,12.477989807999961
case_032,5,10415,12360,12360,0,600.0,2.3515611710000712
case_033,5,369453,6509184,6509184,0,600.0,5.596961822000026
case_034,5,173032,3532800,3532800,0,600.0,5.90066308400003
case_035,5,58349,1602218,1602218,0,600.0,32.76062619600009
case_036,5,187182,4608,4608,0,600.0,2.770349237000005
case_037,5,43800,1925120,1925120,0,600.0,1.5186220119999234
case_038,5,283188,8558592,8558592,0,600.0,11.363576807999948
case_039,5,381106,13320192,12607488,712704,600.0,20.31119210600002
case_040,5,89745,2634900,2634900,0,600.0,30.96737934700002
case_041,5,1196379,40630272,18020352,22609920,600.0,22.751345904999994
case_042,5,369780,8045568,7286784,758784,600.0,9.33489434799992
case_043,5,240597,9832918,9832918,0,600.0,112.167295953
case_044,5,45248,930400,930400,0,600.0,5.396930784000006
case_045,5,26164,0,0,0,600.0,2.7512367799999993
case_046,5,79918,2791200,2791200,0,600.0,3.501886246999902
case_047,5,119372,3409368,3409368,0,600.0,64.86226029400007
case_048,5,98572,1132628,1132628,0,600.0,16.607644002000143
case_049,5,64305,2125062,2125062,0,600.0,35.905748654000035
case_050,5,58897,1885008,1885008,0,600.0,36.9931383239998
case_051,5,168374,198040,198040,0,600.0,7.007118687999991
case_052,5,41994,333312,333312,0,600.0,3.1813432530000227
case_053,5,375096,12135050,12135050,0,600.0,43.125186806999864
case_054,5,240647,8940968,8940968,0,600.0,62.27859865200003
case_055,5,26183,198656,198656,0,600.0,4.29717967800002
case_056,5,97116,3574548,3574548,0,600.0,65.13360086900002
case_057,5,16538,27936,27936,0,600.0,3.4395895850000215
case_058,5,1004819,32104448,18382848,13721600,600.0,34.00380341599998
case_059,5,150782,4325376,4325376,0,600.0,2.1208835259999432
case_060,5,185331,3641728,3441024,200704,600.0,14.86525423199987
case_061,5,22283,83712,83712,0,600.0,3.483052832000112
case_062,5,703542,10626048,9262080,1363968,600.0,74.02236130999995
case_063,5,255854,3253248,3234816,18432,600.0,38.83116077700015
case_064,5,8333,132948,132948,0,600.0,4.367508777000012
case_065,5,9558,55728,55728,0,600.0,1.7896510639998269
case_066,5,119141,4419676,4419676,0,600.0,51.466608023999925
case_067,5,13054159,158705152,66256384,92448768,600.0,53.604445796999926
case_068,5,141879,4184738,4184738,0,600.0,56.06787038200014
case_069,5,13698,465362,465362,0,600.0,5.78249543700008
case_070,5,25840,462848,462848,0,600.0,3.535473312000022
case_071,5,10442,317010,317010,0,600.0,3.9199138799999673
case_072,5,4831103,84918960,39420592,45498368,600.0,127.1108313289999
case_073,5,2034983,37201408,21712384,15489024,600.0,33.11736619500016
case_074,5,330183,7118848,7118848,0,600.0,7.2216594330000135
case_075,5,374967,12788022,12788022,0,600.0,77.46543423000003
case_076,5,1240011,40553472,16297984,24255488,600.0,43.069486003000065
case_077,5,121081,172032,172032,0,600.0,14.970456686000034
case_078,5,481517,12822528,12822528,0,600.0,3.2016371899999285
case_079,5,6045667,31907840,23248896,8658944,600.0,43.1662208690002
case_080,5,100325,3047424,3047424,0,600.0,2.945136731000048
case_081,5,30943,0,0,0,600.0,2.611082111999849
case_082,5,195543,5194934,5194934,0,600.0,35.35291377500016
case_083,5,191867,3721600,3721600,0,600.0,5.668613148000077
case_084,5,503472,0,0,0,600.0,67.28909583599989
case_085,5,822333,22587672,22587672,0,600.0,86.31101635799996
case_086,5,55557,2269390,2269390,0,600.0,40.25698524399968
case_087,5,885221,8050176,6981120,1069056,600.0,67.06753147399968
case_088,5,98539,2683862,2683862,0,600.0,26.22384552199992
case_089,5,133338,954880,954880,0,600.0,8.356530256000042
case_090,5,274650,8606208,8606208,0,600.0,4.724327931000062
case_091,5,1848187,39725056,25913344,13811712,600.0,56.39311907000001
case_092,5,814597,4606336,3721600,884736,600.0,40.66484807000006
case_093,5,15876,32768,32768,0,600.0,1.2139907910000147
case_094,5,20297,259200,259200,0,600.0,1.906708749000245
case_095,5,420852,0,0,0,600.0,22.194776187000116
case_096,5,25183,623148,623148,0,600.0,6.8115108530000725
case_097,5,2102348,21311488,17039360,4272128,600.0,7.45722673299997
case_098,5,50844,1517236,1517236,0,600.0,7.516437885999949
case_099,5,324321,7065600,7065600,0,600.0,6.30717722099962
case_100,5,47130,1112288,1112288,0,600.0,9.706714668999666
